MEETPUNT_IDENTIFICATIE,LOCATIE_CODE,WAARNEMINGDATUM,Average Temperatuur
Maastricht,MAA,01/01/2020,6
Maastricht,MAA,01/02/2020,8
Maastricht,MAA,01/03/2020,7
Maastricht,MAA,01/04/2019,12
Maastricht,MAA,01/04/2020,9
Maastricht,MAA,01/05/2019,16
Maastricht,MAA,01/05/2020,17
Maastricht,MAA,01/06/2019,19
Maastricht,MAA,01/06/2020,21
Maastricht,MAA,01/07/2019,25
Maastricht,MAA,01/07/2020,22
Maastricht,MAA,01/08/2019,22.9
Maastricht,MAA,01/08/2020,23
Maastricht,MAA,01/09/2019,23
Maastricht,MAA,01/09/2020,19
Maastricht,MAA,01/10/2019,17
Maastricht,MAA,01/10/2020,17
Maastricht,MAA,01/11/2019,13
Maastricht,MAA,01/12/2019,8
Maastricht,MAA,01/12/2020,9
Maastricht,MAA,02/02/2020,8
Maastricht,MAA,02/03/2020,7
Maastricht,MAA,02/04/2019,12
Maastricht,MAA,02/04/2020,10
Maastricht,MAA,02/05/2019,16
Maastricht,MAA,02/05/2020,17
Maastricht,MAA,02/06/2019,20
Maastricht,MAA,02/06/2020,21
Maastricht,MAA,02/08/2020,23
Maastricht,MAA,02/09/2019,23
Maastricht,MAA,02/10/2019,17
Maastricht,MAA,02/11/2020,14
Maastricht,MAA,02/12/2019,8
Maastricht,MAA,02/12/2020,9
Maastricht,MAA,03/01/2020,6
Maastricht,MAA,03/03/2020,7
Maastricht,MAA,03/04/2019,12
Maastricht,MAA,03/05/2019,16
Maastricht,MAA,03/05/2020,17
Maastricht,MAA,03/06/2019,21
Maastricht,MAA,03/07/2019,24
Maastricht,MAA,03/08/2019,23
Maastricht,MAA,03/08/2020,23
Maastricht,MAA,03/09/2019,22
Maastricht,MAA,03/09/2020,19
Maastricht,MAA,03/10/2020,16
Maastricht,MAA,03/11/2020,14
Maastricht,MAA,03/12/2019,8
Maastricht,MAA,03/12/2020,8
Maastricht,MAA,04/01/2020,6
Maastricht,MAA,04/03/2020,7
Maastricht,MAA,04/04/2019,12
Maastricht,MAA,04/04/2020,10
Maastricht,MAA,04/05/2020,17
Maastricht,MAA,04/06/2019,21
Maastricht,MAA,04/06/2020,21
Maastricht,MAA,04/07/2019,24
Maastricht,MAA,04/07/2020,21
Maastricht,MAA,04/08/2019,23
Maastricht,MAA,04/08/2020,23
Maastricht,MAA,04/09/2019,22
Maastricht,MAA,04/11/2019,13
Maastricht,MAA,04/11/2020,14
Maastricht,MAA,04/12/2019,8
Maastricht,MAA,04/12/2020,8
Maastricht,MAA,05/02/2020,8
Maastricht,MAA,05/04/2019,12
Maastricht,MAA,05/04/2020,11
Maastricht,MAA,05/06/2019,21
Maastricht,MAA,05/06/2020,20
Maastricht,MAA,05/07/2019,24
Maastricht,MAA,05/07/2020,21
Maastricht,MAA,05/08/2019,23
Maastricht,MAA,05/08/2020,23.5
Maastricht,MAA,05/09/2019,21
Maastricht,MAA,05/10/2019,16
Maastricht,MAA,05/11/2019,13
Maastricht,MAA,05/11/2020,14
Maastricht,MAA,05/12/2019,8
Maastricht,MAA,05/12/2020,8
Maastricht,MAA,06/02/2019,5
Maastricht,MAA,06/02/2020,7
Maastricht,MAA,06/04/2019,12
Maastricht,MAA,06/04/2020,12
Maastricht,MAA,06/05/2019,15
Maastricht,MAA,06/06/2019,21
Maastricht,MAA,06/07/2019,24
Maastricht,MAA,06/08/2019,23
Maastricht,MAA,06/08/2020,22.94444444
Maastricht,MAA,06/09/2019,21
Maastricht,MAA,06/10/2019,16
Maastricht,MAA,06/10/2020,15
Maastricht,MAA,06/11/2019,12
Maastricht,MAA,06/11/2020,13
Maastricht,MAA,06/12/2019,7
Maastricht,MAA,06/12/2020,7
Maastricht,MAA,07/01/2019,7
Maastricht,MAA,07/02/2020,7
Maastricht,MAA,07/04/2019,13
Maastricht,MAA,07/04/2020,12
Maastricht,MAA,07/05/2020,17
Maastricht,MAA,07/06/2019,21
Maastricht,MAA,07/06/2020,19
Maastricht,MAA,07/07/2019,24
Maastricht,MAA,07/08/2019,23
Maastricht,MAA,07/08/2020,24
Maastricht,MAA,07/09/2020,19
Maastricht,MAA,07/10/2019,16
Maastricht,MAA,07/11/2019,12
Maastricht,MAA,08/01/2019,7
Maastricht,MAA,08/01/2020,7
Maastricht,MAA,08/02/2019,6
Maastricht,MAA,08/04/2019,13
Maastricht,MAA,08/04/2020,13
Maastricht,MAA,08/05/2019,14
Maastricht,MAA,08/05/2020,17
Maastricht,MAA,08/06/2019,20
Maastricht,MAA,08/07/2019,23
Maastricht,MAA,08/08/2019,23
Maastricht,MAA,08/08/2020,24.33333333
Maastricht,MAA,08/09/2019,20
Maastricht,MAA,08/09/2020,19
Maastricht,MAA,08/10/2020,15
Maastricht,MAA,08/11/2020,12
Maastricht,MAA,08/12/2019,7
Maastricht,MAA,09/01/2019,7
Maastricht,MAA,09/01/2020,7
Maastricht,MAA,09/02/2020,7
Maastricht,MAA,09/03/2019,9
Maastricht,MAA,09/03/2020,8
Maastricht,MAA,09/04/2020,14
Maastricht,MAA,09/05/2019,14
Maastricht,MAA,09/05/2020,18
Maastricht,MAA,09/06/2019,20
Maastricht,MAA,09/06/2020,19
Maastricht,MAA,09/07/2019,23
Maastricht,MAA,09/08/2019,23
Maastricht,MAA,09/08/2020,25
Maastricht,MAA,09/09/2019,20
Maastricht,MAA,09/11/2019,11
Maastricht,MAA,09/12/2019,8
Maastricht,MAA,09/12/2020,6
Maastricht,MAA,10/01/2019,7
Maastricht,MAA,10/01/2020,8
Maastricht,MAA,10/03/2020,8
Maastricht,MAA,10/04/2019,13
Maastricht,MAA,10/04/2020,15
Maastricht,MAA,10/05/2019,14
Maastricht,MAA,10/05/2020,18
Maastricht,MAA,10/06/2019,20
Maastricht,MAA,10/06/2020,19
Maastricht,MAA,10/07/2019,23
Maastricht,MAA,10/08/2019,22
Maastricht,MAA,10/08/2020,25
Maastricht,MAA,10/10/2019,15
Maastricht,MAA,10/12/2019,8
Maastricht,MAA,10/12/2020,6
Maastricht,MAA,11/01/2019,7
Maastricht,MAA,11/01/2020,8
Maastricht,MAA,11/02/2020,7
Maastricht,MAA,11/03/2019,9
Maastricht,MAA,11/03/2020,9
Maastricht,MAA,11/04/2019,13
Maastricht,MAA,11/04/2020,15
Maastricht,MAA,11/05/2019,15
Maastricht,MAA,11/05/2020,17
Maastricht,MAA,11/06/2019,20
Maastricht,MAA,11/06/2020,19
Maastricht,MAA,11/07/2019,23
Maastricht,MAA,11/07/2020,21
Maastricht,MAA,11/08/2019,22
Maastricht,MAA,11/08/2020,25
Maastricht,MAA,11/10/2019,15
Maastricht,MAA,11/10/2020,15
Maastricht,MAA,11/12/2019,7
Maastricht,MAA,12/02/2019,6
Maastricht,MAA,12/04/2020,16
Maastricht,MAA,12/05/2019,15
Maastricht,MAA,12/05/2020,16
Maastricht,MAA,12/06/2019,20
Maastricht,MAA,12/06/2020,20
Maastricht,MAA,12/07/2019,23
Maastricht,MAA,12/07/2020,21
Maastricht,MAA,12/08/2019,22
Maastricht,MAA,12/08/2020,25.5
Maastricht,MAA,12/09/2020,20
Maastricht,MAA,12/10/2019,15
Maastricht,MAA,12/11/2019,10
Maastricht,MAA,12/12/2019,7
Maastricht,MAA,13/01/2019,7
Maastricht,MAA,13/02/2019,6
Maastricht,MAA,13/03/2019,8
Maastricht,MAA,13/04/2019,12
Maastricht,MAA,13/04/2020,16
Maastricht,MAA,13/05/2019,15
Maastricht,MAA,13/05/2020,17
Maastricht,MAA,13/06/2019,19
Maastricht,MAA,13/06/2020,20.69230769
Maastricht,MAA,13/07/2019,23
Maastricht,MAA,13/07/2020,21
Maastricht,MAA,13/08/2020,26
Maastricht,MAA,13/09/2020,20
Maastricht,MAA,13/10/2019,15
Maastricht,MAA,13/11/2020,13
Maastricht,MAA,13/12/2019,7
Maastricht,MAA,14/01/2020,8
Maastricht,MAA,14/02/2019,6
Maastricht,MAA,14/03/2019,8
Maastricht,MAA,14/04/2019,11
Maastricht,MAA,14/05/2019,15
Maastricht,MAA,14/05/2020,16
Maastricht,MAA,14/06/2019,20
Maastricht,MAA,14/06/2020,21
Maastricht,MAA,14/07/2019,22
Maastricht,MAA,14/07/2020,21
Maastricht,MAA,14/08/2019,21.04761905
Maastricht,MAA,14/08/2020,26
Maastricht,MAA,14/09/2020,20
Maastricht,MAA,14/10/2020,14
Maastricht,MAA,14/12/2019,7
Maastricht,MAA,14/12/2020,6
Maastricht,MAA,15/01/2019,7
Maastricht,MAA,15/02/2019,6
Maastricht,MAA,15/03/2019,8
Maastricht,MAA,15/04/2019,11
Maastricht,MAA,15/04/2020,15
Maastricht,MAA,15/05/2019,15
Maastricht,MAA,15/05/2020,16
Maastricht,MAA,15/06/2019,20
Maastricht,MAA,15/06/2020,21
Maastricht,MAA,15/07/2019,22
Maastricht,MAA,15/07/2020,21
Maastricht,MAA,15/08/2019,21
Maastricht,MAA,15/08/2020,26
Maastricht,MAA,15/09/2019,20
Maastricht,MAA,15/09/2020,20
Maastricht,MAA,15/11/2019,9
Maastricht,MAA,15/11/2020,13
Maastricht,MAA,16/01/2019,7
Maastricht,MAA,16/02/2019,6
Maastricht,MAA,16/02/2020,7.222222222
Maastricht,MAA,16/04/2019,12
Maastricht,MAA,16/05/2019,15
Maastricht,MAA,16/05/2020,17
Maastricht,MAA,16/06/2020,21
Maastricht,MAA,16/07/2020,21
Maastricht,MAA,16/08/2019,21
Maastricht,MAA,16/08/2020,26
Maastricht,MAA,16/09/2020,21
Maastricht,MAA,16/11/2019,9
Maastricht,MAA,16/12/2019,7
Maastricht,MAA,16/12/2020,7
Maastricht,MAA,17/01/2019,7
Maastricht,MAA,17/02/2020,8
Maastricht,MAA,17/03/2020,10
Maastricht,MAA,17/04/2019,12
Maastricht,MAA,17/05/2020,16.5
Maastricht,MAA,17/06/2019,21
Maastricht,MAA,17/07/2019,22
Maastricht,MAA,17/07/2020,21
Maastricht,MAA,17/08/2019,21
Maastricht,MAA,17/08/2020,25
Maastricht,MAA,17/09/2019,19
Maastricht,MAA,17/10/2020,13
Maastricht,MAA,17/11/2020,12
Maastricht,MAA,17/12/2020,7
Maastricht,MAA,18/01/2019,7
Maastricht,MAA,18/01/2020,8
Maastricht,MAA,18/03/2020,10
Maastricht,MAA,18/04/2019,13
Maastricht,MAA,18/05/2019,16
Maastricht,MAA,18/05/2020,17.37931034
Maastricht,MAA,18/06/2019,22
Maastricht,MAA,18/06/2020,21
Maastricht,MAA,18/07/2019,22
Maastricht,MAA,18/07/2020,21.27586207
Maastricht,MAA,18/08/2019,21
Maastricht,MAA,18/08/2020,25
Maastricht,MAA,18/11/2020,12
Maastricht,MAA,18/12/2019,8
Maastricht,MAA,18/12/2020,7
Maastricht,MAA,19/01/2020,8
Maastricht,MAA,19/02/2019,7
Maastricht,MAA,19/03/2020,11
Maastricht,MAA,19/04/2019,14
Maastricht,MAA,19/05/2019,16
Maastricht,MAA,19/05/2020,18
Maastricht,MAA,19/06/2019,22
Maastricht,MAA,19/07/2019,22
Maastricht,MAA,19/07/2020,22
Maastricht,MAA,19/08/2019,21
Maastricht,MAA,19/08/2020,25
Maastricht,MAA,19/09/2020,20
Maastricht,MAA,19/12/2019,8
Maastricht,MAA,20/01/2019,6
Maastricht,MAA,20/02/2019,7
Maastricht,MAA,20/03/2020,11
Maastricht,MAA,20/04/2019,14
Maastricht,MAA,20/04/2020,16
Maastricht,MAA,20/05/2020,18
Maastricht,MAA,20/06/2019,22
Maastricht,MAA,20/06/2020,22
Maastricht,MAA,20/07/2019,22
Maastricht,MAA,20/07/2020,22
Maastricht,MAA,20/08/2020,25
Maastricht,MAA,20/09/2019,18
Maastricht,MAA,20/09/2020,20
Maastricht,MAA,20/11/2019,8
Maastricht,MAA,20/11/2020,11
Maastricht,MAA,21/01/2019,5
Maastricht,MAA,21/02/2020,8
Maastricht,MAA,21/03/2019,9
Maastricht,MAA,21/04/2019,15
Maastricht,MAA,21/04/2020,16
Maastricht,MAA,21/05/2019,16
Maastricht,MAA,21/05/2020,19
Maastricht,MAA,21/06/2019,22
Maastricht,MAA,21/07/2019,22
Maastricht,MAA,21/07/2020,22
Maastricht,MAA,21/08/2019,21
Maastricht,MAA,21/09/2019,18
Maastricht,MAA,21/09/2020,20
Maastricht,MAA,21/10/2019,15
Maastricht,MAA,21/10/2020,13
Maastricht,MAA,21/11/2019,8
Maastricht,MAA,21/11/2020,11
Maastricht,MAA,21/12/2020,8
Maastricht,MAA,22/01/2019,5
Maastricht,MAA,22/01/2020,7
Maastricht,MAA,22/02/2020,8
Maastricht,MAA,22/03/2019,9
Maastricht,MAA,22/03/2020,10
Maastricht,MAA,22/04/2019,15
Maastricht,MAA,22/04/2020,16
Maastricht,MAA,22/05/2019,16
Maastricht,MAA,22/05/2020,20
Maastricht,MAA,22/06/2019,22
Maastricht,MAA,22/07/2019,23
Maastricht,MAA,22/07/2020,22
Maastricht,MAA,22/08/2019,21
Maastricht,MAA,22/08/2020,24
Maastricht,MAA,22/09/2020,19.8
Maastricht,MAA,22/11/2019,7
Maastricht,MAA,23/02/2019,8
Maastricht,MAA,23/02/2020,8
Maastricht,MAA,23/03/2019,10
Maastricht,MAA,23/03/2020,10
Maastricht,MAA,23/04/2020,16
Maastricht,MAA,23/05/2019,17
Maastricht,MAA,23/05/2020,20
Maastricht,MAA,23/06/2019,22.26315789
Maastricht,MAA,23/06/2020,23
Maastricht,MAA,23/07/2019,23
Maastricht,MAA,23/07/2020,22
Maastricht,MAA,23/08/2019,21.2
Maastricht,MAA,23/08/2020,24
Maastricht,MAA,23/10/2020,14
Maastricht,MAA,23/11/2019,7
Maastricht,MAA,23/12/2019,9
Maastricht,MAA,23/12/2020,9.714285714
Maastricht,MAA,24/01/2020,6
Maastricht,MAA,24/03/2019,10
Maastricht,MAA,24/03/2020,10
Maastricht,MAA,24/04/2019,16
Maastricht,MAA,24/04/2020,17
Maastricht,MAA,24/05/2019,17
Maastricht,MAA,24/06/2019,23.5
Maastricht,MAA,24/06/2020,23
Maastricht,MAA,24/07/2019,24
Maastricht,MAA,24/07/2020,22
Maastricht,MAA,24/08/2019,22
Maastricht,MAA,24/08/2020,23
Maastricht,MAA,24/09/2019,18
Maastricht,MAA,24/09/2020,19
Maastricht,MAA,24/10/2019,15
Maastricht,MAA,24/10/2020,14
Maastricht,MAA,24/11/2019,8
Maastricht,MAA,24/12/2020,9
Maastricht,MAA,25/01/2020,6
Maastricht,MAA,25/03/2019,10
Maastricht,MAA,25/03/2020,10
Maastricht,MAA,25/04/2019,16
Maastricht,MAA,25/04/2020,17
Maastricht,MAA,25/05/2020,19
Maastricht,MAA,25/06/2019,24.33333333
Maastricht,MAA,25/06/2020,23.93333333
Maastricht,MAA,25/07/2019,25.33333333
Maastricht,MAA,25/07/2020,22
Maastricht,MAA,25/08/2019,22
Maastricht,MAA,25/08/2020,22
Maastricht,MAA,25/09/2019,18
Maastricht,MAA,25/09/2020,18
Maastricht,MAA,25/10/2019,15
Maastricht,MAA,25/10/2020,14
Maastricht,MAA,25/11/2020,10
Maastricht,MAA,25/12/2020,9
Maastricht,MAA,26/01/2020,6
Maastricht,MAA,26/02/2019,9
Maastricht,MAA,26/02/2020,8
Maastricht,MAA,26/03/2019,10
Maastricht,MAA,26/03/2020,10
Maastricht,MAA,26/04/2019,16
Maastricht,MAA,26/04/2020,17
Maastricht,MAA,26/05/2019,18
Maastricht,MAA,26/05/2020,20
Maastricht,MAA,26/06/2019,25
Maastricht,MAA,26/06/2020,24
Maastricht,MAA,26/07/2019,26
Maastricht,MAA,26/07/2020,22
Maastricht,MAA,26/08/2019,23
Maastricht,MAA,26/08/2020,21.2
Maastricht,MAA,26/09/2019,18
Maastricht,MAA,26/09/2020,18
Maastricht,MAA,26/10/2020,14
Maastricht,MAA,26/12/2020,8
Maastricht,MAA,27/01/2019,5
Maastricht,MAA,27/01/2020,6
Maastricht,MAA,27/02/2019,9
Maastricht,MAA,27/03/2019,10
Maastricht,MAA,27/03/2020,10
Maastricht,MAA,27/04/2020,18
Maastricht,MAA,27/05/2019,18
Maastricht,MAA,27/05/2020,20
Maastricht,MAA,27/06/2019,25
Maastricht,MAA,27/06/2020,24
Maastricht,MAA,27/07/2019,25
Maastricht,MAA,27/07/2020,22
Maastricht,MAA,27/08/2019,23
Maastricht,MAA,27/08/2020,21
Maastricht,MAA,27/09/2019,18
Maastricht,MAA,27/12/2019,8
Maastricht,MAA,28/01/2019,5
Maastricht,MAA,28/02/2019,9
Maastricht,MAA,28/02/2020,7
Maastricht,MAA,28/03/2019,10
Maastricht,MAA,28/03/2020,10
Maastricht,MAA,28/04/2020,18
Maastricht,MAA,28/05/2019,18
Maastricht,MAA,28/05/2020,20
Maastricht,MAA,28/07/2019,24
Maastricht,MAA,28/07/2020,22
Maastricht,MAA,28/08/2019,24
Maastricht,MAA,28/08/2020,21
Maastricht,MAA,28/09/2020,17
Maastricht,MAA,28/11/2019,9.565217391
Maastricht,MAA,28/11/2020,10
Maastricht,MAA,28/12/2019,8
Maastricht,MAA,28/12/2020,7
Maastricht,MAA,29/01/2020,6
Maastricht,MAA,29/02/2020,7
Maastricht,MAA,29/05/2019,18
Maastricht,MAA,29/05/2020,19.96875
Maastricht,MAA,29/06/2019,24.15151515
Maastricht,MAA,29/06/2020,23
Maastricht,MAA,29/07/2019,23.92857143
Maastricht,MAA,29/07/2020,22
Maastricht,MAA,29/08/2019,24
Maastricht,MAA,29/09/2020,17
Maastricht,MAA,29/10/2019,14
Maastricht,MAA,29/11/2019,10
Maastricht,MAA,29/11/2020,9
Maastricht,MAA,29/12/2020,6
Maastricht,MAA,30/01/2020,6
Maastricht,MAA,30/03/2019,11
Maastricht,MAA,30/03/2020,9
Maastricht,MAA,30/04/2020,17
Maastricht,MAA,30/05/2019,18
Maastricht,MAA,30/05/2020,20
Maastricht,MAA,30/06/2019,25
Maastricht,MAA,30/06/2020,22
Maastricht,MAA,30/07/2019,24
Maastricht,MAA,30/07/2020,22
Maastricht,MAA,30/08/2019,24
Maastricht,MAA,30/09/2019,17
Maastricht,MAA,30/10/2019,14
Maastricht,MAA,30/11/2019,9
Maastricht,MAA,30/11/2020,9
Maastricht,MAA,30/12/2019,7
Maastricht,MAA,30/12/2020,6
Maastricht,MAA,31/01/2020,7
Maastricht,MAA,31/03/2019,12
Maastricht,MAA,31/03/2020,9
Maastricht,MAA,31/05/2019,19
Maastricht,MAA,31/07/2020,22.51724138
Maastricht,MAA,31/08/2019,24
Maastricht,MAA,31/08/2020,20
Maastricht,MAA,31/10/2019,13
Maastricht,MAA,31/12/2019,7
Arnhem,ARN,01/01/2001,5
Arnhem,ARN,01/02/2002,8
Arnhem,ARN,01/02/2003,5
Arnhem,ARN,01/04/2002,10
Arnhem,ARN,01/06/2002,18
Arnhem,ARN,01/06/2003,21
Arnhem,ARN,01/07/2002,20
Arnhem,ARN,01/08/2001,24
Arnhem,ARN,01/08/2002,24
Arnhem,ARN,01/08/2003,24
Arnhem,ARN,01/10/2001,16
Arnhem,ARN,01/10/2003,16
Arnhem,ARN,01/11/2001,14
Arnhem,ARN,01/12/2002,10
Arnhem,ARN,02/01/2002,3
Arnhem,ARN,02/04/2001,10
Arnhem,ARN,02/04/2002,10
Arnhem,ARN,02/05/2001,13
Arnhem,ARN,02/05/2002,14
Arnhem,ARN,02/06/2001,19
Arnhem,ARN,02/06/2002,18
Arnhem,ARN,02/06/2003,22
Arnhem,ARN,02/07/2002,20
Arnhem,ARN,02/07/2003,22
Arnhem,ARN,02/08/2002,23
Arnhem,ARN,02/09/2001,21
Arnhem,ARN,02/09/2003,19
Arnhem,ARN,02/10/2002,15
Arnhem,ARN,02/10/2003,16
Arnhem,ARN,02/11/2002,12
Arnhem,ARN,03/01/2001,6
Arnhem,ARN,03/01/2002,3
Arnhem,ARN,03/02/2001,5
Arnhem,ARN,03/04/2002,11
Arnhem,ARN,03/05/2001,14
Arnhem,ARN,03/05/2002,14
Arnhem,ARN,03/05/2003,15
Arnhem,ARN,03/06/2002,19
Arnhem,ARN,03/06/2003,22
Arnhem,ARN,03/07/2001,22
Arnhem,ARN,03/08/2002,23
Arnhem,ARN,03/09/2002,21
Arnhem,ARN,03/09/2003,19
Arnhem,ARN,03/10/2003,16
Arnhem,ARN,03/11/2002,12
Arnhem,ARN,03/11/2003,10
Arnhem,ARN,03/12/2001,9
Arnhem,ARN,03/12/2003,9
Arnhem,ARN,04/01/2001,6
Arnhem,ARN,04/01/2003,7
Arnhem,ARN,04/02/2002,8
Arnhem,ARN,04/03/2001,6
Arnhem,ARN,04/03/2002,7
Arnhem,ARN,04/04/2002,11
Arnhem,ARN,04/04/2003,11
Arnhem,ARN,04/05/2003,15
Arnhem,ARN,04/06/2002,19
Arnhem,ARN,04/06/2003,22
Arnhem,ARN,04/07/2001,22
Arnhem,ARN,04/07/2002,20
Arnhem,ARN,04/07/2003,21
Arnhem,ARN,04/09/2001,20
Arnhem,ARN,04/09/2002,21
Arnhem,ARN,04/09/2003,19
Arnhem,ARN,04/10/2003,16
Arnhem,ARN,04/11/2003,10
Arnhem,ARN,04/12/2001,9
Arnhem,ARN,05/01/2002,2
Arnhem,ARN,05/02/2001,6
Arnhem,ARN,05/02/2002,8
Arnhem,ARN,05/03/2001,6
Arnhem,ARN,05/03/2002,7
Arnhem,ARN,05/04/2002,11
Arnhem,ARN,05/04/2003,11
Arnhem,ARN,05/05/2002,13
Arnhem,ARN,05/05/2003,16
Arnhem,ARN,05/06/2001,17
Arnhem,ARN,05/07/2001,23
Arnhem,ARN,05/07/2002,20
Arnhem,ARN,05/08/2001,23
Arnhem,ARN,05/09/2002,21
Arnhem,ARN,05/10/2003,16
Arnhem,ARN,05/11/2001,13
Arnhem,ARN,05/11/2002,12
Arnhem,ARN,05/12/2001,9
Arnhem,ARN,06/01/2002,2
Arnhem,ARN,06/01/2003,6
Arnhem,ARN,06/03/2001,6
Arnhem,ARN,06/03/2002,7
Arnhem,ARN,06/04/2001,11
Arnhem,ARN,06/04/2002,11
Arnhem,ARN,06/04/2003,11
Arnhem,ARN,06/05/2001,14
Arnhem,ARN,06/05/2003,16
Arnhem,ARN,06/06/2002,20
Arnhem,ARN,06/06/2003,23
Arnhem,ARN,06/07/2001,23
Arnhem,ARN,06/09/2001,19
Arnhem,ARN,06/09/2002,21
Arnhem,ARN,06/09/2003,20
Arnhem,ARN,06/10/2003,15
Arnhem,ARN,06/12/2001,9
Arnhem,ARN,06/12/2003,8
Arnhem,ARN,07/01/2002,2
Arnhem,ARN,07/01/2003,6
Arnhem,ARN,07/03/2001,7
Arnhem,ARN,07/03/2003,8
Arnhem,ARN,07/04/2001,11
Arnhem,ARN,07/04/2002,11
Arnhem,ARN,07/04/2003,11
Arnhem,ARN,07/05/2001,14
Arnhem,ARN,07/05/2002,13
Arnhem,ARN,07/05/2003,16
Arnhem,ARN,07/06/2001,18
Arnhem,ARN,07/06/2002,20
Arnhem,ARN,07/06/2003,23
Arnhem,ARN,07/08/2001,22
Arnhem,ARN,07/09/2001,19
Arnhem,ARN,07/09/2003,20
Arnhem,ARN,07/10/2002,15
Arnhem,ARN,07/10/2003,14
Arnhem,ARN,07/11/2001,12
Arnhem,ARN,07/11/2003,10
Arnhem,ARN,07/12/2003,8
Arnhem,ARN,08/01/2003,5
Arnhem,ARN,08/02/2001,7
Arnhem,ARN,08/03/2001,7
Arnhem,ARN,08/05/2001,14
Arnhem,ARN,08/05/2002,13
Arnhem,ARN,08/06/2001,18
Arnhem,ARN,08/06/2002,20
Arnhem,ARN,08/06/2003,23
Arnhem,ARN,08/07/2001,23
Arnhem,ARN,08/07/2002,21
Arnhem,ARN,08/08/2001,22
Arnhem,ARN,08/08/2003,26
Arnhem,ARN,08/09/2002,21
Arnhem,ARN,08/09/2003,20
Arnhem,ARN,08/11/2002,11
Arnhem,ARN,08/12/2003,7
Arnhem,ARN,09/01/2003,4
Arnhem,ARN,09/02/2002,9
Arnhem,ARN,09/03/2003,8
Arnhem,ARN,09/05/2002,13
Arnhem,ARN,09/05/2003,17
Arnhem,ARN,09/06/2001,18
Arnhem,ARN,09/06/2002,20
Arnhem,ARN,09/07/2001,22
Arnhem,ARN,09/07/2002,22
Arnhem,ARN,09/08/2003,26
Arnhem,ARN,09/09/2001,18
Arnhem,ARN,09/09/2002,21
Arnhem,ARN,09/09/2003,20
Arnhem,ARN,09/10/2001,16
Arnhem,ARN,09/10/2002,14
Arnhem,ARN,09/11/2001,11
Arnhem,ARN,09/12/2001,8
Arnhem,ARN,09/12/2003,6
Arnhem,ARN,10/01/2003,3
Arnhem,ARN,10/02/2001,7
Arnhem,ARN,10/02/2003,5
Arnhem,ARN,10/03/2003,8
Arnhem,ARN,10/04/2002,11
Arnhem,ARN,10/04/2003,10
Arnhem,ARN,10/05/2001,15
Arnhem,ARN,10/05/2003,17
Arnhem,ARN,10/06/2002,20
Arnhem,ARN,10/07/2002,22
Arnhem,ARN,10/08/2001,21
Arnhem,ARN,10/08/2003,26.33333333
Arnhem,ARN,10/09/2002,21
Arnhem,ARN,10/10/2001,16
Arnhem,ARN,10/10/2002,14
Arnhem,ARN,11/01/2003,3
Arnhem,ARN,11/02/2001,7
Arnhem,ARN,11/03/2001,8
Arnhem,ARN,11/03/2002,8
Arnhem,ARN,11/04/2002,11
Arnhem,ARN,11/04/2003,10
Arnhem,ARN,11/05/2001,15.5
Arnhem,ARN,11/05/2002,14
Arnhem,ARN,11/05/2003,18
Arnhem,ARN,11/06/2003,23
Arnhem,ARN,11/07/2003,23
Arnhem,ARN,11/08/2001,21
Arnhem,ARN,11/08/2003,27
Arnhem,ARN,11/09/2001,17
Arnhem,ARN,11/09/2003,19
Arnhem,ARN,11/10/2001,16
Arnhem,ARN,11/11/2001,10
Arnhem,ARN,11/11/2002,10
Arnhem,ARN,11/11/2003,9
Arnhem,ARN,11/12/2002,5
Arnhem,ARN,12/01/2001,6
Arnhem,ARN,12/01/2002,3
Arnhem,ARN,12/02/2002,9
Arnhem,ARN,12/03/2003,9
Arnhem,ARN,12/04/2001,11
Arnhem,ARN,12/04/2002,11
Arnhem,ARN,12/04/2003,10
Arnhem,ARN,12/05/2001,16
Arnhem,ARN,12/06/2001,18
Arnhem,ARN,12/06/2002,19
Arnhem,ARN,12/06/2003,23
Arnhem,ARN,12/07/2002,21
Arnhem,ARN,12/08/2001,21
Arnhem,ARN,12/08/2002,22
Arnhem,ARN,12/08/2003,27
Arnhem,ARN,12/09/2002,20
Arnhem,ARN,12/10/2001,16
Arnhem,ARN,12/11/2002,10
Arnhem,ARN,12/11/2003,9
Arnhem,ARN,12/12/2001,7
Arnhem,ARN,13/01/2001,6
Arnhem,ARN,13/01/2002,3
Arnhem,ARN,13/02/2002,9
Arnhem,ARN,13/03/2003,9
Arnhem,ARN,13/04/2002,11
Arnhem,ARN,13/05/2001,17
Arnhem,ARN,13/05/2002,15
Arnhem,ARN,13/06/2001,18
Arnhem,ARN,13/06/2002,19
Arnhem,ARN,13/07/2003,23
Arnhem,ARN,13/08/2003,27
Arnhem,ARN,13/09/2002,20
Arnhem,ARN,13/10/2002,13
Arnhem,ARN,13/10/2003,14
Arnhem,ARN,13/11/2002,10
Arnhem,ARN,13/11/2003,9
Arnhem,ARN,13/12/2001,7
Arnhem,ARN,13/12/2003,6
Arnhem,ARN,14/01/2003,3
Arnhem,ARN,14/02/2003,4
Arnhem,ARN,14/03/2003,9
Arnhem,ARN,14/04/2001,10
Arnhem,ARN,14/04/2002,11
Arnhem,ARN,14/04/2003,11
Arnhem,ARN,14/05/2001,17
Arnhem,ARN,14/06/2001,18
Arnhem,ARN,14/06/2002,19
Arnhem,ARN,14/06/2003,24
Arnhem,ARN,14/07/2001,21
Arnhem,ARN,14/08/2002,22
Arnhem,ARN,14/08/2003,26
Arnhem,ARN,14/09/2002,20
Arnhem,ARN,14/10/2002,13
Arnhem,ARN,14/10/2003,14
Arnhem,ARN,14/11/2001,9
Arnhem,ARN,14/11/2003,9
Arnhem,ARN,14/12/2001,6
Arnhem,ARN,15/01/2001,5
Arnhem,ARN,15/02/2002,8
Arnhem,ARN,15/02/2003,4
Arnhem,ARN,15/03/2003,9
Arnhem,ARN,15/04/2001,10
Arnhem,ARN,15/04/2002,11
Arnhem,ARN,15/04/2003,11.6
Arnhem,ARN,15/05/2001,17
Arnhem,ARN,15/05/2002,16
Arnhem,ARN,15/05/2003,17
Arnhem,ARN,15/06/2002,19
Arnhem,ARN,15/07/2001,21
Arnhem,ARN,15/07/2002,22
Arnhem,ARN,15/07/2003,23
Arnhem,ARN,15/08/2001,22.5
Arnhem,ARN,15/08/2003,25
Arnhem,ARN,15/09/2003,19
Arnhem,ARN,15/11/2003,9
Arnhem,ARN,15/12/2002,5
Arnhem,ARN,16/01/2003,4
Arnhem,ARN,16/03/2001,9
Arnhem,ARN,16/03/2002,9
Arnhem,ARN,16/03/2003,9
Arnhem,ARN,16/04/2001,10
Arnhem,ARN,16/04/2002,11
Arnhem,ARN,16/04/2003,12
Arnhem,ARN,16/05/2002,17
Arnhem,ARN,16/05/2003,17
Arnhem,ARN,16/07/2001,21
Arnhem,ARN,16/07/2003,23
Arnhem,ARN,16/08/2001,23
Arnhem,ARN,16/08/2002,22
Arnhem,ARN,16/08/2003,24
Arnhem,ARN,16/09/2003,19
Arnhem,ARN,16/10/2002,13
Arnhem,ARN,16/10/2003,13
Arnhem,ARN,16/11/2003,9
Arnhem,ARN,16/12/2001,5
Arnhem,ARN,17/01/2001,4
Arnhem,ARN,17/01/2003,4
Arnhem,ARN,17/02/2002,7
Arnhem,ARN,17/03/2002,10
Arnhem,ARN,17/03/2003,9
Arnhem,ARN,17/04/2002,11
Arnhem,ARN,17/04/2003,13
Arnhem,ARN,17/05/2001,17
Arnhem,ARN,17/05/2002,17
Arnhem,ARN,17/06/2001,19
Arnhem,ARN,17/06/2003,24
Arnhem,ARN,17/07/2001,21
Arnhem,ARN,17/08/2001,23
Arnhem,ARN,17/08/2002,22
Arnhem,ARN,17/08/2003,23
Arnhem,ARN,17/09/2001,16
Arnhem,ARN,17/09/2002,19
Arnhem,ARN,17/09/2003,19
Arnhem,ARN,17/10/2002,13
Arnhem,ARN,17/10/2003,12
Arnhem,ARN,17/11/2003,9
Arnhem,ARN,18/01/2002,4
Arnhem,ARN,18/03/2002,10
Arnhem,ARN,18/03/2003,9
Arnhem,ARN,18/04/2002,11
Arnhem,ARN,18/06/2002,21.14285714
Arnhem,ARN,18/06/2003,24
Arnhem,ARN,18/07/2001,21
Arnhem,ARN,18/07/2002,21
Arnhem,ARN,18/07/2003,23
Arnhem,ARN,18/08/2001,23
Arnhem,ARN,18/08/2002,22
Arnhem,ARN,18/09/2002,19
Arnhem,ARN,18/10/2002,13
Arnhem,ARN,18/10/2003,12
Arnhem,ARN,18/11/2002,10
Arnhem,ARN,18/11/2003,9
Arnhem,ARN,19/03/2003,9
Arnhem,ARN,19/04/2002,12
Arnhem,ARN,19/04/2003,13
Arnhem,ARN,19/05/2002,18
Arnhem,ARN,19/06/2002,22
Arnhem,ARN,19/06/2003,24
Arnhem,ARN,19/07/2001,21
Arnhem,ARN,19/07/2003,24
Arnhem,ARN,19/08/2001,23
Arnhem,ARN,19/08/2002,22
Arnhem,ARN,19/08/2003,22
Arnhem,ARN,19/09/2003,20
Arnhem,ARN,19/11/2002,10
Arnhem,ARN,19/11/2003,10
Arnhem,ARN,20/01/2001,4
Arnhem,ARN,20/02/2001,7
Arnhem,ARN,20/03/2003,9
Arnhem,ARN,20/04/2002,12
Arnhem,ARN,20/04/2003,13
Arnhem,ARN,20/05/2002,18
Arnhem,ARN,20/05/2003,17
Arnhem,ARN,20/06/2001,19
Arnhem,ARN,20/06/2002,22
Arnhem,ARN,20/06/2003,23
Arnhem,ARN,20/07/2002,20
Arnhem,ARN,20/07/2003,24
Arnhem,ARN,20/08/2001,23
Arnhem,ARN,20/08/2002,22
Arnhem,ARN,20/08/2003,22
Arnhem,ARN,20/09/2003,20
Arnhem,ARN,20/10/2002,13
Arnhem,ARN,20/10/2003,11
Arnhem,ARN,21/01/2002,5
Arnhem,ARN,21/01/2003,5
Arnhem,ARN,21/02/2001,7
Arnhem,ARN,21/02/2003,4
Arnhem,ARN,21/03/2001,8
Arnhem,ARN,21/03/2002,11
Arnhem,ARN,21/03/2003,9
Arnhem,ARN,21/04/2003,13
Arnhem,ARN,21/05/2001,17
Arnhem,ARN,21/05/2002,19
Arnhem,ARN,21/06/2001,19
Arnhem,ARN,21/06/2002,22
Arnhem,ARN,21/06/2003,22
Arnhem,ARN,21/07/2003,24
Arnhem,ARN,21/08/2001,23
Arnhem,ARN,21/08/2002,22
Arnhem,ARN,21/08/2003,22
Arnhem,ARN,21/10/2002,13
Arnhem,ARN,21/10/2003,11
Arnhem,ARN,21/12/2003,6
Arnhem,ARN,22/01/2001,4
Arnhem,ARN,22/01/2002,6
Arnhem,ARN,22/02/2001,7
Arnhem,ARN,22/02/2003,4
Arnhem,ARN,22/03/2001,8
Arnhem,ARN,22/03/2002,11
Arnhem,ARN,22/03/2003,9
Arnhem,ARN,22/04/2003,14
Arnhem,ARN,22/05/2001,17
Arnhem,ARN,22/05/2002,19
Arnhem,ARN,22/06/2002,22
Arnhem,ARN,22/06/2003,22
Arnhem,ARN,22/07/2001,20
Arnhem,ARN,22/09/2002,18
Arnhem,ARN,22/10/2001,16
Arnhem,ARN,22/12/2002,6
Arnhem,ARN,23/01/2001,5
Arnhem,ARN,23/01/2002,6
Arnhem,ARN,23/02/2001,7
Arnhem,ARN,23/02/2002,6
Arnhem,ARN,23/03/2003,9
Arnhem,ARN,23/04/2001,10
Arnhem,ARN,23/04/2002,13
Arnhem,ARN,23/04/2003,14
Arnhem,ARN,23/05/2001,17
Arnhem,ARN,23/05/2002,19
Arnhem,ARN,23/06/2003,22
Arnhem,ARN,23/07/2002,20
Arnhem,ARN,23/08/2001,24
Arnhem,ARN,23/08/2003,22
Arnhem,ARN,23/09/2001,15
Arnhem,ARN,23/09/2003,20
Arnhem,ARN,23/10/2002,13
Arnhem,ARN,23/10/2003,10
Arnhem,ARN,23/11/2001,8
Arnhem,ARN,24/01/2001,5
Arnhem,ARN,24/02/2001,7
Arnhem,ARN,24/03/2002,10
Arnhem,ARN,24/03/2003,10
Arnhem,ARN,24/04/2001,10
Arnhem,ARN,24/06/2001,19
Arnhem,ARN,24/06/2002,23
Arnhem,ARN,24/06/2003,22
Arnhem,ARN,24/07/2001,21.83333333
Arnhem,ARN,24/07/2002,20
Arnhem,ARN,24/08/2001,24
Arnhem,ARN,24/09/2002,17
Arnhem,ARN,24/09/2003,19
Arnhem,ARN,24/12/2001,4
Arnhem,ARN,24/12/2002,7
Arnhem,ARN,25/02/2003,5
Arnhem,ARN,25/03/2002,10
Arnhem,ARN,25/03/2003,10
Arnhem,ARN,25/04/2002,14
Arnhem,ARN,25/04/2003,15
Arnhem,ARN,25/05/2001,18
Arnhem,ARN,25/05/2002,18
Arnhem,ARN,25/05/2003,17
Arnhem,ARN,25/06/2001,19
Arnhem,ARN,25/06/2002,23
Arnhem,ARN,25/06/2003,22
Arnhem,ARN,25/07/2001,22
Arnhem,ARN,25/07/2002,20
Arnhem,ARN,25/07/2003,24
Arnhem,ARN,25/08/2001,25
Arnhem,ARN,25/08/2002,21
Arnhem,ARN,25/08/2003,22
Arnhem,ARN,25/09/2001,15
Arnhem,ARN,25/09/2003,18
Arnhem,ARN,25/10/2001,15
Arnhem,ARN,25/10/2003,9
Arnhem,ARN,25/11/2001,8
Arnhem,ARN,25/12/2001,4
Arnhem,ARN,26/01/2002,6
Arnhem,ARN,26/02/2002,6
Arnhem,ARN,26/02/2003,5
Arnhem,ARN,26/03/2001,8
Arnhem,ARN,26/04/2001,11
Arnhem,ARN,26/04/2002,14
Arnhem,ARN,26/04/2003,15
Arnhem,ARN,26/05/2001,19
Arnhem,ARN,26/05/2002,18
Arnhem,ARN,26/05/2003,18
Arnhem,ARN,26/06/2002,23
Arnhem,ARN,26/06/2003,22
Arnhem,ARN,26/07/2001,23
Arnhem,ARN,26/07/2002,20
Arnhem,ARN,26/07/2003,24
Arnhem,ARN,26/08/2001,25
Arnhem,ARN,26/08/2002,22
Arnhem,ARN,26/08/2003,22
Arnhem,ARN,26/09/2001,15
Arnhem,ARN,26/10/2001,15
Arnhem,ARN,26/10/2003,9
Arnhem,ARN,26/11/2001,8
Arnhem,ARN,26/12/2001,4
Arnhem,ARN,26/12/2003,6
Arnhem,ARN,27/03/2001,8
Arnhem,ARN,27/03/2002,9
Arnhem,ARN,27/03/2003,11
Arnhem,ARN,27/04/2001,11
Arnhem,ARN,27/04/2003,15
Arnhem,ARN,27/05/2001,19
Arnhem,ARN,27/05/2003,18.2
Arnhem,ARN,27/06/2001,21
Arnhem,ARN,27/06/2002,23
Arnhem,ARN,27/07/2001,23
Arnhem,ARN,27/08/2001,25
Arnhem,ARN,27/08/2002,22
Arnhem,ARN,27/09/2001,15
Arnhem,ARN,27/09/2003,18
Arnhem,ARN,27/10/2001,15
Arnhem,ARN,27/10/2002,12
Arnhem,ARN,27/11/2001,8
Arnhem,ARN,27/12/2002,8
Arnhem,ARN,28/01/2002,7
Arnhem,ARN,28/02/2003,6
Arnhem,ARN,28/03/2001,8
Arnhem,ARN,28/03/2002,9
Arnhem,ARN,28/03/2003,11
Arnhem,ARN,28/04/2001,11
Arnhem,ARN,28/04/2003,15
Arnhem,ARN,28/05/2001,19
Arnhem,ARN,28/05/2002,18
Arnhem,ARN,28/05/2003,19
Arnhem,ARN,28/06/2002,22
Arnhem,ARN,28/06/2003,23
Arnhem,ARN,28/07/2001,24
Arnhem,ARN,28/07/2002,22
Arnhem,ARN,28/07/2003,23
Arnhem,ARN,28/08/2001,24
Arnhem,ARN,28/08/2002,22
Arnhem,ARN,28/08/2003,21
Arnhem,ARN,28/09/2003,17
Arnhem,ARN,28/10/2001,15
Arnhem,ARN,28/11/2001,8
Arnhem,ARN,28/11/2003,10
Arnhem,ARN,28/12/2001,4
Arnhem,ARN,28/12/2002,8
Arnhem,ARN,29/03/2002,9
Arnhem,ARN,29/03/2003,12
Arnhem,ARN,29/04/2001,11
Arnhem,ARN,29/04/2002,13
Arnhem,ARN,29/05/2001,19
Arnhem,ARN,29/05/2003,19
Arnhem,ARN,29/06/2001,21
Arnhem,ARN,29/06/2003,23
Arnhem,ARN,29/07/2002,23
Arnhem,ARN,29/07/2003,23
Arnhem,ARN,29/08/2001,23
Arnhem,ARN,29/08/2002,22
Arnhem,ARN,29/08/2003,21
Arnhem,ARN,29/09/2001,16
Arnhem,ARN,29/09/2003,17
Arnhem,ARN,29/10/2001,15
Arnhem,ARN,29/11/2001,8
Arnhem,ARN,29/12/2001,4
Arnhem,ARN,29/12/2003,6
Arnhem,ARN,30/01/2003,6
Arnhem,ARN,30/03/2002,9
Arnhem,ARN,30/03/2003,12
Arnhem,ARN,30/04/2001,12
Arnhem,ARN,30/04/2002,13
Arnhem,ARN,30/05/2001,20
Arnhem,ARN,30/05/2002,18
Arnhem,ARN,30/05/2003,20
Arnhem,ARN,30/06/2002,21
Arnhem,ARN,30/06/2003,23
Arnhem,ARN,30/07/2001,24
Arnhem,ARN,30/07/2002,23.625
Arnhem,ARN,30/08/2002,22
Arnhem,ARN,30/08/2003,20
Arnhem,ARN,30/09/2001,16
Arnhem,ARN,30/09/2002,16
Arnhem,ARN,30/10/2003,9
Arnhem,ARN,30/11/2002,10
Arnhem,ARN,31/01/2002,8
Arnhem,ARN,31/03/2001,9
Arnhem,ARN,31/03/2003,12
Arnhem,ARN,31/05/2001,20
Arnhem,ARN,31/05/2002,18
Arnhem,ARN,31/05/2003,20
Arnhem,ARN,31/07/2001,24
Arnhem,ARN,31/07/2002,24
Arnhem,ARN,31/08/2001,22
Arnhem,ARN,31/08/2002,22
Arnhem,ARN,31/08/2003,20
Arnhem,ARN,31/10/2003,9
Arnhem,ARN,31/12/2002,8
Arnhem,ARN,01/01/2006,4
Arnhem,ARN,01/02/2004,5
Arnhem,ARN,01/03/2004,5
Arnhem,ARN,01/04/2004,11
Arnhem,ARN,01/04/2005,12
Arnhem,ARN,01/04/2006,10
Arnhem,ARN,01/06/2005,19
Arnhem,ARN,01/07/2004,20
Arnhem,ARN,01/08/2004,24
Arnhem,ARN,01/08/2005,22
Arnhem,ARN,01/08/2006,25
Arnhem,ARN,01/09/2004,20
Arnhem,ARN,01/09/2005,21
Arnhem,ARN,01/10/2004,16
Arnhem,ARN,01/11/2004,14
Arnhem,ARN,01/11/2006,14
Arnhem,ARN,01/12/2004,8
Arnhem,ARN,02/01/2004,5
Arnhem,ARN,02/01/2005,6
Arnhem,ARN,02/01/2006,4
Arnhem,ARN,02/02/2004,6
Arnhem,ARN,02/02/2005,5
Arnhem,ARN,02/04/2004,11
Arnhem,ARN,02/04/2005,12
Arnhem,ARN,02/04/2006,10
Arnhem,ARN,02/05/2004,17
Arnhem,ARN,02/05/2006,13
Arnhem,ARN,02/06/2004,19
Arnhem,ARN,02/06/2006,15
Arnhem,ARN,02/08/2004,24
Arnhem,ARN,02/08/2005,22
Arnhem,ARN,02/08/2006,23.66666667
Arnhem,ARN,02/09/2004,20
Arnhem,ARN,02/09/2005,21
Arnhem,ARN,02/10/2006,19
Arnhem,ARN,02/11/2005,15
Arnhem,ARN,02/11/2006,13
Arnhem,ARN,02/12/2004,8
Arnhem,ARN,03/01/2004,4
Arnhem,ARN,03/01/2006,4
Arnhem,ARN,03/02/2004,7
Arnhem,ARN,03/02/2005,5
Arnhem,ARN,03/04/2005,12
Arnhem,ARN,03/05/2004,17
Arnhem,ARN,03/05/2005,16
Arnhem,ARN,03/06/2004,19
Arnhem,ARN,03/06/2005,20
Arnhem,ARN,03/06/2006,15
Arnhem,ARN,03/08/2004,24
Arnhem,ARN,03/09/2004,20
Arnhem,ARN,04/01/2005,6
Arnhem,ARN,04/01/2006,4
Arnhem,ARN,04/02/2004,7
Arnhem,ARN,04/02/2006,3
Arnhem,ARN,04/05/2004,17
Arnhem,ARN,04/06/2005,20
Arnhem,ARN,04/06/2006,15
Arnhem,ARN,04/07/2006,25
Arnhem,ARN,04/08/2004,24
Arnhem,ARN,04/08/2006,22
Arnhem,ARN,04/09/2004,21
Arnhem,ARN,04/09/2005,22
Arnhem,ARN,04/10/2005,16
Arnhem,ARN,04/11/2006,12
Arnhem,ARN,05/02/2005,5
Arnhem,ARN,05/02/2006,3
Arnhem,ARN,05/04/2005,13
Arnhem,ARN,05/05/2005,16
Arnhem,ARN,05/05/2006,15
Arnhem,ARN,05/06/2006,15
Arnhem,ARN,05/07/2005,23
Arnhem,ARN,05/08/2005,21
Arnhem,ARN,05/08/2006,22
Arnhem,ARN,05/09/2004,21
Arnhem,ARN,05/09/2005,22
Arnhem,ARN,05/10/2006,18
Arnhem,ARN,05/11/2004,13
Arnhem,ARN,05/11/2005,14
Arnhem,ARN,05/11/2006,12
Arnhem,ARN,05/12/2005,6
Arnhem,ARN,06/01/2004,4
Arnhem,ARN,06/02/2004,8
Arnhem,ARN,06/02/2005,5
Arnhem,ARN,06/05/2004,16
Arnhem,ARN,06/05/2005,16
Arnhem,ARN,06/05/2006,16
Arnhem,ARN,06/06/2006,15
Arnhem,ARN,06/07/2006,26
Arnhem,ARN,06/08/2004,25
Arnhem,ARN,06/08/2005,21
Arnhem,ARN,06/09/2005,22
Arnhem,ARN,06/09/2006,20
Arnhem,ARN,06/11/2004,13
Arnhem,ARN,07/01/2005,7
Arnhem,ARN,07/02/2004,8
Arnhem,ARN,07/02/2005,5
Arnhem,ARN,07/03/2004,6
Arnhem,ARN,07/03/2005,4
Arnhem,ARN,07/04/2004,11
Arnhem,ARN,07/05/2004,16
Arnhem,ARN,07/05/2006,16
Arnhem,ARN,07/06/2004,19
Arnhem,ARN,07/06/2005,19
Arnhem,ARN,07/07/2005,22
Arnhem,ARN,07/08/2004,25
Arnhem,ARN,07/09/2005,22
Arnhem,ARN,07/10/2004,16
Arnhem,ARN,07/10/2005,16
Arnhem,ARN,07/10/2006,17
Arnhem,ARN,08/01/2005,7
Arnhem,ARN,08/02/2006,4
Arnhem,ARN,08/03/2004,6
Arnhem,ARN,08/03/2006,5
Arnhem,ARN,08/04/2004,11
Arnhem,ARN,08/05/2005,15
Arnhem,ARN,08/05/2006,16
Arnhem,ARN,08/06/2004,20
Arnhem,ARN,08/06/2005,18
Arnhem,ARN,08/06/2006,16
Arnhem,ARN,08/07/2004,20
Arnhem,ARN,08/07/2005,22
Arnhem,ARN,08/07/2006,25
Arnhem,ARN,08/08/2004,25
Arnhem,ARN,08/08/2005,20
Arnhem,ARN,08/08/2006,22
Arnhem,ARN,08/09/2004,21
Arnhem,ARN,08/09/2006,20
Arnhem,ARN,08/10/2004,16
Arnhem,ARN,08/10/2005,16
Arnhem,ARN,08/11/2005,13
Arnhem,ARN,08/12/2005,7
Arnhem,ARN,08/12/2006,10
Arnhem,ARN,09/01/2004,5
Arnhem,ARN,09/02/2004,7
Arnhem,ARN,09/03/2005,5
Arnhem,ARN,09/04/2005,12
Arnhem,ARN,09/04/2006,10
Arnhem,ARN,09/05/2004,15
Arnhem,ARN,09/05/2006,17
Arnhem,ARN,09/06/2004,20
Arnhem,ARN,09/06/2005,18
Arnhem,ARN,09/07/2004,20
Arnhem,ARN,09/07/2005,22
Arnhem,ARN,09/07/2006,25
Arnhem,ARN,09/08/2004,25
Arnhem,ARN,09/08/2005,20
Arnhem,ARN,09/09/2004,21
Arnhem,ARN,09/11/2004,12
Arnhem,ARN,10/01/2004,5
Arnhem,ARN,10/01/2005,7
Arnhem,ARN,10/02/2005,5
Arnhem,ARN,10/03/2005,5
Arnhem,ARN,10/03/2006,6
Arnhem,ARN,10/04/2006,10
Arnhem,ARN,10/05/2005,14
Arnhem,ARN,10/05/2006,17.33333333
Arnhem,ARN,10/06/2004,20
Arnhem,ARN,10/06/2005,19
Arnhem,ARN,10/06/2006,18
Arnhem,ARN,10/07/2004,20
Arnhem,ARN,10/07/2005,22
Arnhem,ARN,10/08/2004,25
Arnhem,ARN,10/08/2005,20
Arnhem,ARN,10/08/2006,21
Arnhem,ARN,10/09/2005,23
Arnhem,ARN,10/09/2006,20
Arnhem,ARN,10/11/2006,11
Arnhem,ARN,10/12/2004,7
Arnhem,ARN,11/01/2006,4
Arnhem,ARN,11/03/2006,6
Arnhem,ARN,11/04/2005,12
Arnhem,ARN,11/04/2006,10
Arnhem,ARN,11/05/2004,14
Arnhem,ARN,11/05/2005,14
Arnhem,ARN,11/06/2004,20
Arnhem,ARN,11/06/2006,19
Arnhem,ARN,11/07/2004,20
Arnhem,ARN,11/07/2005,23
Arnhem,ARN,11/08/2004,25
Arnhem,ARN,11/08/2005,20
Arnhem,ARN,11/09/2006,20
Arnhem,ARN,11/10/2004,15
Arnhem,ARN,11/11/2004,11
Arnhem,ARN,11/11/2006,11
Arnhem,ARN,12/01/2004,6
Arnhem,ARN,12/02/2005,6
Arnhem,ARN,12/03/2005,5
Arnhem,ARN,12/03/2006,5
Arnhem,ARN,12/04/2004,11
Arnhem,ARN,12/04/2005,12
Arnhem,ARN,12/05/2004,14
Arnhem,ARN,12/05/2005,14
Arnhem,ARN,12/05/2006,18.75
Arnhem,ARN,12/06/2004,20
Arnhem,ARN,12/06/2006,19
Arnhem,ARN,12/07/2005,23
Arnhem,ARN,12/09/2004,20
Arnhem,ARN,12/09/2005,22
Arnhem,ARN,12/10/2004,14
Arnhem,ARN,13/03/2004,6
Arnhem,ARN,13/03/2006,5
Arnhem,ARN,13/04/2004,11
Arnhem,ARN,13/04/2005,12
Arnhem,ARN,13/05/2005,14
Arnhem,ARN,13/05/2006,19
Arnhem,ARN,13/06/2005,18
Arnhem,ARN,13/07/2004,19
Arnhem,ARN,13/07/2006,25.33333333
Arnhem,ARN,13/08/2004,24
Arnhem,ARN,13/08/2006,21
Arnhem,ARN,13/09/2006,21
Arnhem,ARN,13/11/2004,10
Arnhem,ARN,13/11/2005,12
Arnhem,ARN,14/01/2006,4
Arnhem,ARN,14/02/2004,7
Arnhem,ARN,14/02/2005,6
Arnhem,ARN,14/04/2004,12
Arnhem,ARN,14/04/2005,13
Arnhem,ARN,14/04/2006,10
Arnhem,ARN,14/05/2005,14
Arnhem,ARN,14/05/2006,18
Arnhem,ARN,14/06/2005,18
Arnhem,ARN,14/06/2006,21
Arnhem,ARN,14/07/2004,19
Arnhem,ARN,14/08/2004,23
Arnhem,ARN,14/09/2004,19
Arnhem,ARN,14/09/2005,21
Arnhem,ARN,14/11/2005,12
Arnhem,ARN,14/12/2004,6
Arnhem,ARN,15/01/2005,7
Arnhem,ARN,15/01/2006,4
Arnhem,ARN,15/02/2004,7
Arnhem,ARN,15/03/2004,7
Arnhem,ARN,15/03/2005,6
Arnhem,ARN,15/04/2004,12
Arnhem,ARN,15/04/2005,13
Arnhem,ARN,15/05/2005,14
Arnhem,ARN,15/06/2004,20
Arnhem,ARN,15/06/2005,19
Arnhem,ARN,15/07/2004,19
Arnhem,ARN,15/07/2006,24
Arnhem,ARN,15/08/2004,23
Arnhem,ARN,15/09/2004,18
Arnhem,ARN,15/10/2004,14
Arnhem,ARN,15/11/2006,11
Arnhem,ARN,15/12/2006,9
Arnhem,ARN,16/01/2005,7
Arnhem,ARN,16/02/2004,7
Arnhem,ARN,16/02/2005,5
Arnhem,ARN,16/02/2006,5
Arnhem,ARN,16/03/2004,8
Arnhem,ARN,16/03/2005,7
Arnhem,ARN,16/04/2005,13
Arnhem,ARN,16/04/2006,10
Arnhem,ARN,16/05/2004,15
Arnhem,ARN,16/05/2005,14
Arnhem,ARN,16/06/2004,20
Arnhem,ARN,16/07/2006,24
Arnhem,ARN,16/08/2004,23
Arnhem,ARN,16/08/2006,20
Arnhem,ARN,16/09/2004,18
Arnhem,ARN,16/10/2005,16
Arnhem,ARN,16/10/2006,16
Arnhem,ARN,16/11/2005,11
Arnhem,ARN,16/11/2006,11
Arnhem,ARN,17/02/2004,7
Arnhem,ARN,17/03/2005,8
Arnhem,ARN,17/04/2004,13
Arnhem,ARN,17/04/2005,13
Arnhem,ARN,17/04/2006,10
Arnhem,ARN,17/05/2004,15.66666667
Arnhem,ARN,17/05/2005,14
Arnhem,ARN,17/05/2006,18
Arnhem,ARN,17/06/2004,20
Arnhem,ARN,17/06/2005,20
Arnhem,ARN,17/06/2006,21
Arnhem,ARN,17/07/2004,20
Arnhem,ARN,17/07/2005,24
Arnhem,ARN,17/07/2006,24
Arnhem,ARN,17/08/2004,23
Arnhem,ARN,17/08/2005,20
Arnhem,ARN,17/09/2004,18
Arnhem,ARN,17/09/2005,20
Arnhem,ARN,17/10/2005,15
Arnhem,ARN,17/12/2005,6
Arnhem,ARN,17/12/2006,8
Arnhem,ARN,18/01/2004,6
Arnhem,ARN,18/02/2004,7
Arnhem,ARN,18/02/2006,6
Arnhem,ARN,18/03/2004,9
Arnhem,ARN,18/04/2005,13
Arnhem,ARN,18/04/2006,10
Arnhem,ARN,18/05/2004,16
Arnhem,ARN,18/05/2005,14
Arnhem,ARN,18/05/2006,18
Arnhem,ARN,18/06/2005,20
Arnhem,ARN,18/06/2006,21
Arnhem,ARN,18/07/2004,21
Arnhem,ARN,18/07/2005,24
Arnhem,ARN,18/08/2004,23
Arnhem,ARN,18/08/2006,21
Arnhem,ARN,18/09/2004,18
Arnhem,ARN,18/10/2004,13
Arnhem,ARN,18/10/2005,14
Arnhem,ARN,18/11/2005,10
Arnhem,ARN,18/11/2006,11
Arnhem,ARN,19/02/2006,6
Arnhem,ARN,19/03/2005,9
Arnhem,ARN,19/03/2006,5
Arnhem,ARN,19/04/2004,13
Arnhem,ARN,19/04/2006,10
Arnhem,ARN,19/05/2005,15
Arnhem,ARN,19/06/2005,21
Arnhem,ARN,19/06/2006,22
Arnhem,ARN,19/07/2004,21
Arnhem,ARN,19/07/2005,23
Arnhem,ARN,19/07/2006,25
Arnhem,ARN,19/08/2004,23
Arnhem,ARN,19/08/2005,21
Arnhem,ARN,19/08/2006,21
Arnhem,ARN,19/09/2006,21
Arnhem,ARN,19/10/2004,13
Arnhem,ARN,19/11/2006,11
Arnhem,ARN,19/12/2004,5
Arnhem,ARN,20/01/2004,6
Arnhem,ARN,20/01/2006,4
Arnhem,ARN,20/02/2004,6
Arnhem,ARN,20/03/2004,10
Arnhem,ARN,20/03/2005,10
Arnhem,ARN,20/04/2005,13
Arnhem,ARN,20/04/2006,11
Arnhem,ARN,20/05/2005,15
Arnhem,ARN,20/05/2006,17
Arnhem,ARN,20/06/2005,22
Arnhem,ARN,20/07/2006,26
Arnhem,ARN,20/08/2004,22
Arnhem,ARN,20/08/2005,21
Arnhem,ARN,20/08/2006,21
Arnhem,ARN,20/09/2004,18
Arnhem,ARN,20/09/2005,19
Arnhem,ARN,20/10/2004,13
Arnhem,ARN,20/11/2004,9
Arnhem,ARN,20/11/2005,9
Arnhem,ARN,20/12/2004,5
Arnhem,ARN,21/03/2004,10
Arnhem,ARN,21/03/2005,10
Arnhem,ARN,21/03/2006,6
Arnhem,ARN,21/04/2006,11
Arnhem,ARN,21/06/2004,19
Arnhem,ARN,21/06/2005,23
Arnhem,ARN,21/07/2005,21.5
Arnhem,ARN,21/07/2006,26
Arnhem,ARN,21/08/2004,22
Arnhem,ARN,21/08/2005,21
Arnhem,ARN,21/09/2004,17
Arnhem,ARN,21/09/2005,19
Arnhem,ARN,21/09/2006,20
Arnhem,ARN,21/11/2004,8
Arnhem,ARN,21/11/2005,9
Arnhem,ARN,22/01/2006,5
Arnhem,ARN,22/03/2004,10
Arnhem,ARN,22/03/2005,10
Arnhem,ARN,22/03/2006,6
Arnhem,ARN,22/04/2005,13
Arnhem,ARN,22/05/2004,17
Arnhem,ARN,22/05/2005,17
Arnhem,ARN,22/05/2006,17
Arnhem,ARN,22/06/2004,19
Arnhem,ARN,22/06/2005,23
Arnhem,ARN,22/06/2006,22
Arnhem,ARN,22/07/2004,22
Arnhem,ARN,22/07/2005,21
Arnhem,ARN,22/08/2004,21
Arnhem,ARN,22/09/2005,19
Arnhem,ARN,22/09/2006,20
Arnhem,ARN,22/11/2006,10
Arnhem,ARN,23/01/2004,5
Arnhem,ARN,23/01/2005,6
Arnhem,ARN,23/03/2004,10
Arnhem,ARN,23/03/2005,10
Arnhem,ARN,23/03/2006,6
Arnhem,ARN,23/04/2004,14
Arnhem,ARN,23/04/2005,13
Arnhem,ARN,23/04/2006,12
Arnhem,ARN,23/05/2004,17
Arnhem,ARN,23/05/2005,17
Arnhem,ARN,23/06/2004,19
Arnhem,ARN,23/07/2004,23
Arnhem,ARN,23/07/2005,20
Arnhem,ARN,23/07/2006,26
Arnhem,ARN,23/08/2004,21
Arnhem,ARN,23/08/2005,21
Arnhem,ARN,23/10/2004,14
Arnhem,ARN,23/11/2004,8
Arnhem,ARN,23/12/2005,6
Arnhem,ARN,24/01/2004,5
Arnhem,ARN,24/01/2006,4
Arnhem,ARN,24/03/2004,10
Arnhem,ARN,24/03/2006,7
Arnhem,ARN,24/04/2005,13
Arnhem,ARN,24/05/2006,16
Arnhem,ARN,24/06/2005,24
Arnhem,ARN,24/06/2006,22
Arnhem,ARN,24/07/2004,23
Arnhem,ARN,24/07/2005,20
Arnhem,ARN,24/08/2004,21
Arnhem,ARN,24/10/2004,14
Arnhem,ARN,24/11/2004,8
Arnhem,ARN,24/11/2006,10
Arnhem,ARN,24/12/2004,5
Arnhem,ARN,24/12/2005,6
Arnhem,ARN,25/01/2005,5
Arnhem,ARN,25/02/2006,5
Arnhem,ARN,25/03/2005,11
Arnhem,ARN,25/03/2006,7.666666667
Arnhem,ARN,25/04/2005,13
Arnhem,ARN,25/06/2004,18
Arnhem,ARN,25/07/2004,23
Arnhem,ARN,25/07/2006,26
Arnhem,ARN,25/08/2004,21
Arnhem,ARN,25/09/2006,20
Arnhem,ARN,25/10/2004,14
Arnhem,ARN,25/11/2004,8
Arnhem,ARN,25/11/2005,8
Arnhem,ARN,25/12/2005,6
Arnhem,ARN,26/02/2004,5
Arnhem,ARN,26/02/2006,5
Arnhem,ARN,26/03/2006,8.166666667
Arnhem,ARN,26/04/2004,15
Arnhem,ARN,26/04/2006,14
Arnhem,ARN,26/05/2004,16
Arnhem,ARN,26/05/2005,18
Arnhem,ARN,26/06/2004,18.33333333
Arnhem,ARN,26/06/2005,24
Arnhem,ARN,26/07/2006,26
Arnhem,ARN,26/08/2005,20
Arnhem,ARN,26/09/2006,20
Arnhem,ARN,26/10/2004,14
Arnhem,ARN,26/11/2006,11
Arnhem,ARN,26/12/2005,6
Arnhem,ARN,26/12/2006,7
Arnhem,ARN,27/01/2006,3
Arnhem,ARN,27/02/2005,4
Arnhem,ARN,27/03/2004,9
Arnhem,ARN,27/03/2005,12
Arnhem,ARN,27/04/2006,14
Arnhem,ARN,27/06/2004,19
Arnhem,ARN,27/06/2005,24
Arnhem,ARN,27/06/2006,22
Arnhem,ARN,27/07/2004,22
Arnhem,ARN,27/08/2004,20
Arnhem,ARN,27/08/2005,20
Arnhem,ARN,27/09/2004,16
Arnhem,ARN,27/10/2005,14
Arnhem,ARN,27/11/2006,11
Arnhem,ARN,27/12/2005,5
Arnhem,ARN,27/12/2006,7
Arnhem,ARN,28/01/2006,3
Arnhem,ARN,28/02/2004,5
Arnhem,ARN,28/02/2005,4
Arnhem,ARN,28/03/2005,12
Arnhem,ARN,28/03/2006,10
Arnhem,ARN,28/04/2004,16
Arnhem,ARN,28/04/2006,14
Arnhem,ARN,28/05/2004,17
Arnhem,ARN,28/05/2005,20
Arnhem,ARN,28/06/2005,24
Arnhem,ARN,28/06/2006,22
Arnhem,ARN,28/07/2005,21
Arnhem,ARN,28/08/2004,20
Arnhem,ARN,28/08/2006,20
Arnhem,ARN,28/09/2004,16
Arnhem,ARN,28/09/2005,18
Arnhem,ARN,28/11/2006,11
Arnhem,ARN,28/12/2004,5
Arnhem,ARN,29/01/2005,4
Arnhem,ARN,29/01/2006,2
Arnhem,ARN,29/02/2004,5
Arnhem,ARN,29/03/2005,12
Arnhem,ARN,29/04/2005,14
Arnhem,ARN,29/05/2004,18
Arnhem,ARN,29/05/2005,20
Arnhem,ARN,29/06/2005,24
Arnhem,ARN,29/06/2006,23
Arnhem,ARN,29/07/2004,23
Arnhem,ARN,29/07/2005,22
Arnhem,ARN,29/08/2004,20
Arnhem,ARN,29/09/2004,16
Arnhem,ARN,29/11/2004,8
Arnhem,ARN,30/03/2004,10
Arnhem,ARN,30/03/2005,12
Arnhem,ARN,30/04/2005,14
Arnhem,ARN,30/05/2004,18
Arnhem,ARN,30/05/2005,20
Arnhem,ARN,30/05/2006,15
Arnhem,ARN,30/06/2004,20
Arnhem,ARN,30/06/2006,23
Arnhem,ARN,30/07/2004,23
Arnhem,ARN,30/08/2004,20
Arnhem,ARN,30/08/2005,20
Arnhem,ARN,30/08/2006,19
Arnhem,ARN,30/09/2004,16
Arnhem,ARN,30/09/2005,17
Arnhem,ARN,30/09/2006,20
Arnhem,ARN,30/10/2004,14
Arnhem,ARN,30/10/2005,15
Arnhem,ARN,30/11/2006,11
Arnhem,ARN,30/12/2004,5
Arnhem,ARN,30/12/2005,4
Arnhem,ARN,31/01/2006,2
Arnhem,ARN,31/03/2004,10
Arnhem,ARN,31/03/2005,12
Arnhem,ARN,31/03/2006,10
Arnhem,ARN,31/07/2004,24
Arnhem,ARN,31/07/2005,22
Arnhem,ARN,31/08/2005,20.2
Arnhem,ARN,31/10/2005,15
Arnhem,ARN,31/10/2006,15
Arnhem,ARN,31/12/2005,4
Arnhem,ARN,01/04/2000,10
Arnhem,ARN,01/08/2000,21
Arnhem,ARN,01/10/2000,18
Arnhem,ARN,01/11/2000,12
Arnhem,ARN,02/04/2000,10
Arnhem,ARN,02/05/2000,16
Arnhem,ARN,02/06/2000,18
Arnhem,ARN,02/07/2000,20
Arnhem,ARN,03/04/2000,10
Arnhem,ARN,03/05/2000,16
Arnhem,ARN,03/07/2000,20
Arnhem,ARN,03/08/2000,21
Arnhem,ARN,04/04/2000,10
Arnhem,ARN,04/05/2000,17
Arnhem,ARN,04/07/2000,21.5
Arnhem,ARN,04/08/2000,21
Arnhem,ARN,04/10/2000,17
Arnhem,ARN,05/05/2000,17.125
Arnhem,ARN,05/06/2000,19
Arnhem,ARN,05/07/2000,22
Arnhem,ARN,05/10/2000,17
Arnhem,ARN,06/04/2000,10
Arnhem,ARN,06/05/2000,18
Arnhem,ARN,06/07/2000,22
Arnhem,ARN,06/08/2000,21
Arnhem,ARN,06/10/2000,17
Arnhem,ARN,07/05/2000,19
Arnhem,ARN,07/07/2000,21
Arnhem,ARN,07/08/2000,21
Arnhem,ARN,07/11/2000,11
Arnhem,ARN,08/05/2000,19
Arnhem,ARN,08/10/2000,16
Arnhem,ARN,08/11/2000,11
Arnhem,ARN,08/12/2000,10
Arnhem,ARN,09/04/2000,11
Arnhem,ARN,09/05/2000,20
Arnhem,ARN,09/06/2000,20
Arnhem,ARN,09/07/2000,20
Arnhem,ARN,10/04/2000,11
Arnhem,ARN,10/05/2000,20
Arnhem,ARN,10/10/2000,15
Arnhem,ARN,11/04/2000,11
Arnhem,ARN,11/05/2000,20
Arnhem,ARN,11/06/2000,21
Arnhem,ARN,11/10/2000,14
Arnhem,ARN,12/05/2000,20
Arnhem,ARN,12/06/2000,21
Arnhem,ARN,12/07/2000,19
Arnhem,ARN,12/08/2000,22
Arnhem,ARN,12/10/2000,14
Arnhem,ARN,12/11/2000,10
Arnhem,ARN,12/12/2000,10
Arnhem,ARN,13/04/2000,11
Arnhem,ARN,13/05/2000,20.2
Arnhem,ARN,13/06/2000,21
Arnhem,ARN,13/07/2000,19
Arnhem,ARN,13/08/2000,22
Arnhem,ARN,13/10/2000,14
Arnhem,ARN,13/11/2000,10
Arnhem,ARN,13/12/2000,10
Arnhem,ARN,14/04/2000,11
Arnhem,ARN,14/05/2000,21
Arnhem,ARN,14/06/2000,21
Arnhem,ARN,14/08/2000,22
Arnhem,ARN,14/10/2000,14
Arnhem,ARN,14/11/2000,10
Arnhem,ARN,14/12/2000,10
Arnhem,ARN,15/05/2000,21
Arnhem,ARN,15/06/2000,21
Arnhem,ARN,15/11/2000,10
Arnhem,ARN,16/04/2000,12
Arnhem,ARN,16/06/2000,21
Arnhem,ARN,16/10/2000,14
Arnhem,ARN,16/11/2000,10
Arnhem,ARN,16/12/2000,9
Arnhem,ARN,17/06/2000,21
Arnhem,ARN,17/07/2000,18
Arnhem,ARN,18/04/2000,12
Arnhem,ARN,18/05/2000,20
Arnhem,ARN,18/06/2000,21
Arnhem,ARN,18/07/2000,18
Arnhem,ARN,19/04/2000,13
Arnhem,ARN,19/05/2000,19
Arnhem,ARN,19/07/2000,18
Arnhem,ARN,19/12/2000,8
Arnhem,ARN,20/04/2000,13
Arnhem,ARN,20/06/2000,23
Arnhem,ARN,20/07/2000,18
Arnhem,ARN,20/08/2000,23
Arnhem,ARN,20/10/2000,14
Arnhem,ARN,20/12/2000,7
Arnhem,ARN,21/04/2000,14
Arnhem,ARN,21/05/2000,18
Arnhem,ARN,21/07/2000,18
Arnhem,ARN,21/10/2000,14
Arnhem,ARN,22/04/2000,14
Arnhem,ARN,22/06/2000,23
Arnhem,ARN,22/11/2000,9
Arnhem,ARN,23/06/2000,22
Arnhem,ARN,23/07/2000,19
Arnhem,ARN,23/08/2000,22
Arnhem,ARN,23/11/2000,9
Arnhem,ARN,23/12/2000,6
Arnhem,ARN,24/05/2000,18
Arnhem,ARN,24/06/2000,22
Arnhem,ARN,24/08/2000,22
Arnhem,ARN,25/04/2000,15
Arnhem,ARN,25/06/2000,21
Arnhem,ARN,25/08/2000,22
Arnhem,ARN,25/09/2000,18
Arnhem,ARN,25/11/2000,9
Arnhem,ARN,25/12/2000,5
Arnhem,ARN,26/04/2000,16
Arnhem,ARN,26/05/2000,17
Arnhem,ARN,26/06/2000,20
Arnhem,ARN,26/08/2000,22
Arnhem,ARN,26/10/2000,14
Arnhem,ARN,26/11/2000,9
Arnhem,ARN,27/05/2000,17
Arnhem,ARN,27/06/2000,20
Arnhem,ARN,27/07/2000,20
Arnhem,ARN,27/08/2000,22
Arnhem,ARN,28/04/2000,17
Arnhem,ARN,28/05/2000,17
Arnhem,ARN,28/07/2000,20
Arnhem,ARN,28/08/2000,22
Arnhem,ARN,28/11/2000,9
Arnhem,ARN,28/12/2000,5
Arnhem,ARN,29/03/2000,10
Arnhem,ARN,29/04/2000,17
Arnhem,ARN,29/05/2000,16
Arnhem,ARN,29/07/2000,20
Arnhem,ARN,29/12/2000,5
Arnhem,ARN,30/05/2000,17
Arnhem,ARN,30/07/2000,20
Arnhem,ARN,30/09/2000,18
Arnhem,ARN,30/10/2000,13
Arnhem,ARN,30/12/2000,5
Arnhem,ARN,31/05/2000,17
Arnhem,ARN,31/10/2000,12
Arnhem,ARN,31/12/2000,5
Arnhem,ARN,01/01/2014,7
Arnhem,ARN,01/02/2014,6
Arnhem,ARN,01/03/2015,7
Arnhem,ARN,01/04/2013,6
Arnhem,ARN,01/04/2014,13
Arnhem,ARN,01/05/2013,13
Arnhem,ARN,01/05/2014,18
Arnhem,ARN,01/06/2015,17
Arnhem,ARN,01/07/2013,18
Arnhem,ARN,01/07/2014,21
Arnhem,ARN,01/07/2015,23
Arnhem,ARN,01/08/2013,24
Arnhem,ARN,01/08/2014,23
Arnhem,ARN,01/08/2015,20.33333333
Arnhem,ARN,01/09/2015,22
Arnhem,ARN,01/10/2015,16
Arnhem,ARN,01/11/2014,14
Arnhem,ARN,01/11/2015,13
Arnhem,ARN,01/12/2014,9
Arnhem,ARN,01/12/2015,9
Arnhem,ARN,02/01/2014,7
Arnhem,ARN,02/03/2013,5
Arnhem,ARN,02/03/2015,7
Arnhem,ARN,02/04/2013,6
Arnhem,ARN,02/04/2014,13
Arnhem,ARN,02/05/2014,17
Arnhem,ARN,02/05/2015,15
Arnhem,ARN,02/06/2013,14
Arnhem,ARN,02/06/2014,19
Arnhem,ARN,02/06/2015,17
Arnhem,ARN,02/07/2013,19
Arnhem,ARN,02/07/2015,23.62962963
Arnhem,ARN,02/08/2013,24.15909091
Arnhem,ARN,02/08/2014,23
Arnhem,ARN,02/08/2015,21.66666667
Arnhem,ARN,02/09/2013,20
Arnhem,ARN,02/09/2014,20
Arnhem,ARN,02/10/2013,15
Arnhem,ARN,02/10/2014,19
Arnhem,ARN,02/10/2015,16
Arnhem,ARN,02/11/2013,13
Arnhem,ARN,02/11/2015,13
Arnhem,ARN,03/01/2014,7
Arnhem,ARN,03/03/2013,5
Arnhem,ARN,03/03/2015,7
Arnhem,ARN,03/04/2013,6
Arnhem,ARN,03/04/2014,14
Arnhem,ARN,03/04/2015,10
Arnhem,ARN,03/05/2013,14
Arnhem,ARN,03/06/2013,14
Arnhem,ARN,03/06/2014,19
Arnhem,ARN,03/06/2015,17
Arnhem,ARN,03/07/2014,21
Arnhem,ARN,03/07/2015,24.09375
Arnhem,ARN,03/08/2013,25
Arnhem,ARN,03/08/2014,23
Arnhem,ARN,03/08/2015,21.24242424
Arnhem,ARN,03/09/2014,20
Arnhem,ARN,03/10/2014,19
Arnhem,ARN,03/10/2015,16
Arnhem,ARN,03/12/2014,8
Arnhem,ARN,04/01/2014,7
Arnhem,ARN,04/02/2013,6
Arnhem,ARN,04/02/2014,6
Arnhem,ARN,04/03/2013,5
Arnhem,ARN,04/03/2014,8
Arnhem,ARN,04/03/2015,7
Arnhem,ARN,04/04/2014,14
Arnhem,ARN,04/05/2013,14
Arnhem,ARN,04/05/2014,16
Arnhem,ARN,04/05/2015,16
Arnhem,ARN,04/06/2013,14
Arnhem,ARN,04/06/2015,18
Arnhem,ARN,04/07/2013,20
Arnhem,ARN,04/07/2014,21.58333333
Arnhem,ARN,04/07/2015,25
Arnhem,ARN,04/08/2013,25
Arnhem,ARN,04/08/2014,23
Arnhem,ARN,04/08/2015,22
Arnhem,ARN,04/09/2013,20
Arnhem,ARN,04/09/2014,20
Arnhem,ARN,04/09/2015,21
Arnhem,ARN,04/10/2013,15
Arnhem,ARN,04/10/2014,19
Arnhem,ARN,04/10/2015,16
Arnhem,ARN,04/11/2014,14
Arnhem,ARN,05/01/2014,7
Arnhem,ARN,05/02/2013,6
Arnhem,ARN,05/03/2013,5
Arnhem,ARN,05/03/2015,7
Arnhem,ARN,05/04/2013,6
Arnhem,ARN,05/05/2013,15
Arnhem,ARN,05/05/2014,16
Arnhem,ARN,05/05/2015,16
Arnhem,ARN,05/06/2014,19
Arnhem,ARN,05/06/2015,19
Arnhem,ARN,05/07/2013,20
Arnhem,ARN,05/07/2014,22
Arnhem,ARN,05/07/2015,26
Arnhem,ARN,05/08/2013,25
Arnhem,ARN,05/08/2014,23
Arnhem,ARN,05/08/2015,22
Arnhem,ARN,05/09/2013,20.1875
Arnhem,ARN,05/09/2014,20
Arnhem,ARN,05/09/2015,20
Arnhem,ARN,05/10/2014,19
Arnhem,ARN,05/11/2013,12
Arnhem,ARN,05/11/2014,14
Arnhem,ARN,05/12/2013,7
Arnhem,ARN,05/12/2015,9
Arnhem,ARN,06/01/2014,7
Arnhem,ARN,06/02/2014,6
Arnhem,ARN,06/02/2015,5
Arnhem,ARN,06/03/2013,6
Arnhem,ARN,06/04/2013,6
Arnhem,ARN,06/05/2013,15
Arnhem,ARN,06/05/2015,16
Arnhem,ARN,06/06/2013,15
Arnhem,ARN,06/06/2014,19
Arnhem,ARN,06/06/2015,20
Arnhem,ARN,06/07/2013,20.47222222
Arnhem,ARN,06/07/2014,22
Arnhem,ARN,06/07/2015,25
Arnhem,ARN,06/08/2013,25
Arnhem,ARN,06/08/2015,22.02325581
Arnhem,ARN,06/09/2013,21.05714286
Arnhem,ARN,06/09/2015,19
Arnhem,ARN,06/10/2015,16
Arnhem,ARN,06/11/2015,13
Arnhem,ARN,06/12/2015,9
Arnhem,ARN,07/04/2013,7
Arnhem,ARN,07/04/2014,15
Arnhem,ARN,07/06/2013,16
Arnhem,ARN,07/06/2014,19.14285714
Arnhem,ARN,07/06/2015,20
Arnhem,ARN,07/07/2013,21
Arnhem,ARN,07/07/2014,22
Arnhem,ARN,07/07/2015,25
Arnhem,ARN,07/08/2013,24
Arnhem,ARN,07/08/2015,23.15384615
Arnhem,ARN,07/09/2015,19
Arnhem,ARN,07/10/2014,18
Arnhem,ARN,07/10/2015,16
Arnhem,ARN,07/11/2014,13
Arnhem,ARN,07/12/2015,9
Arnhem,ARN,08/02/2013,5
Arnhem,ARN,08/03/2013,7
Arnhem,ARN,08/03/2014,9
Arnhem,ARN,08/04/2013,7
Arnhem,ARN,08/05/2014,16
Arnhem,ARN,08/05/2015,16
Arnhem,ARN,08/06/2013,16
Arnhem,ARN,08/06/2014,20
Arnhem,ARN,08/06/2015,20
Arnhem,ARN,08/07/2013,21.42857143
Arnhem,ARN,08/07/2014,22
Arnhem,ARN,08/07/2015,24
Arnhem,ARN,08/08/2013,23
Arnhem,ARN,08/08/2015,24
Arnhem,ARN,08/09/2015,19
Arnhem,ARN,08/10/2014,17
Arnhem,ARN,09/01/2015,6
Arnhem,ARN,09/02/2013,5
Arnhem,ARN,09/03/2013,7
Arnhem,ARN,09/04/2014,14
Arnhem,ARN,09/04/2015,10
Arnhem,ARN,09/06/2013,16
Arnhem,ARN,09/06/2014,21
Arnhem,ARN,09/07/2013,22
Arnhem,ARN,09/07/2014,21
Arnhem,ARN,09/07/2015,23
Arnhem,ARN,09/08/2013,23
Arnhem,ARN,09/08/2015,24
Arnhem,ARN,09/09/2013,21
Arnhem,ARN,09/09/2014,20
Arnhem,ARN,09/10/2013,16
Arnhem,ARN,09/10/2014,17
Arnhem,ARN,10/02/2015,5
Arnhem,ARN,10/03/2013,7
Arnhem,ARN,10/03/2015,8
Arnhem,ARN,10/04/2013,8
Arnhem,ARN,10/04/2014,14
Arnhem,ARN,10/04/2015,10.14814815
Arnhem,ARN,10/05/2013,15
Arnhem,ARN,10/05/2014,15
Arnhem,ARN,10/05/2015,16
Arnhem,ARN,10/06/2014,21.21212121
Arnhem,ARN,10/06/2015,19
Arnhem,ARN,10/07/2013,22
Arnhem,ARN,10/07/2014,21.18421053
Arnhem,ARN,10/08/2015,24
Arnhem,ARN,10/09/2013,20
Arnhem,ARN,10/09/2014,20
Arnhem,ARN,10/09/2015,18
Arnhem,ARN,10/10/2013,16
Arnhem,ARN,10/10/2015,16
Arnhem,ARN,10/12/2013,7
Arnhem,ARN,10/12/2015,9
Arnhem,ARN,11/02/2013,4
Arnhem,ARN,11/03/2014,10
Arnhem,ARN,11/03/2015,8
Arnhem,ARN,11/04/2013,8
Arnhem,ARN,11/04/2014,14
Arnhem,ARN,11/04/2015,11
Arnhem,ARN,11/05/2013,15
Arnhem,ARN,11/05/2015,17
Arnhem,ARN,11/06/2013,17
Arnhem,ARN,11/06/2014,22
Arnhem,ARN,11/06/2015,20
Arnhem,ARN,11/07/2014,21
Arnhem,ARN,11/07/2015,23
Arnhem,ARN,11/08/2014,22
Arnhem,ARN,11/08/2015,24
Arnhem,ARN,11/09/2013,19
Arnhem,ARN,11/09/2014,20
Arnhem,ARN,11/09/2015,18
Arnhem,ARN,11/10/2013,15
Arnhem,ARN,11/10/2015,15
Arnhem,ARN,11/12/2013,7
Arnhem,ARN,12/01/2013,7
Arnhem,ARN,12/01/2014,7
Arnhem,ARN,12/01/2015,7
Arnhem,ARN,12/03/2013,6
Arnhem,ARN,12/03/2014,10
Arnhem,ARN,12/03/2015,8
Arnhem,ARN,12/04/2014,14
Arnhem,ARN,12/04/2015,11
Arnhem,ARN,12/05/2013,15
Arnhem,ARN,12/05/2015,17
Arnhem,ARN,12/06/2014,22.25
Arnhem,ARN,12/06/2015,21
Arnhem,ARN,12/07/2013,21
Arnhem,ARN,12/07/2015,23
Arnhem,ARN,12/08/2015,24
Arnhem,ARN,12/09/2013,19
Arnhem,ARN,12/09/2014,20
Arnhem,ARN,12/09/2015,18
Arnhem,ARN,12/10/2013,15
Arnhem,ARN,12/10/2014,17
Arnhem,ARN,12/10/2015,14
Arnhem,ARN,12/11/2013,11
Arnhem,ARN,12/12/2013,7
Arnhem,ARN,13/01/2013,6
Arnhem,ARN,13/01/2014,7
Arnhem,ARN,13/02/2013,4
Arnhem,ARN,13/03/2014,10
Arnhem,ARN,13/03/2015,8
Arnhem,ARN,13/04/2013,9
Arnhem,ARN,13/04/2015,12
Arnhem,ARN,13/05/2013,15
Arnhem,ARN,13/05/2014,15
Arnhem,ARN,13/05/2015,17
Arnhem,ARN,13/06/2014,23
Arnhem,ARN,13/07/2013,21
Arnhem,ARN,13/07/2014,22
Arnhem,ARN,13/07/2015,22
Arnhem,ARN,13/08/2013,22
Arnhem,ARN,13/08/2014,22
Arnhem,ARN,13/08/2015,23.125
Arnhem,ARN,13/09/2014,20
Arnhem,ARN,13/09/2015,19
Arnhem,ARN,13/10/2013,14
Arnhem,ARN,13/10/2015,13
Arnhem,ARN,13/11/2014,12
Arnhem,ARN,13/11/2015,13
Arnhem,ARN,14/01/2014,7
Arnhem,ARN,14/03/2013,6
Arnhem,ARN,14/04/2013,10.48
Arnhem,ARN,14/04/2014,14
Arnhem,ARN,14/04/2015,12
Arnhem,ARN,14/05/2013,15
Arnhem,ARN,14/05/2014,15
Arnhem,ARN,14/05/2015,17
Arnhem,ARN,14/06/2014,22
Arnhem,ARN,14/07/2015,22
Arnhem,ARN,14/08/2015,24
Arnhem,ARN,14/09/2015,19
Arnhem,ARN,14/10/2013,14
Arnhem,ARN,14/10/2014,17
Arnhem,ARN,14/11/2014,12
Arnhem,ARN,14/11/2015,13
Arnhem,ARN,15/01/2013,5
Arnhem,ARN,15/01/2014,7
Arnhem,ARN,15/02/2014,7
Arnhem,ARN,15/03/2015,8
Arnhem,ARN,15/04/2013,11
Arnhem,ARN,15/04/2014,14
Arnhem,ARN,15/04/2015,13
Arnhem,ARN,15/05/2013,15
Arnhem,ARN,15/05/2014,15
Arnhem,ARN,15/05/2015,18
Arnhem,ARN,15/06/2014,22
Arnhem,ARN,15/06/2015,21
Arnhem,ARN,15/07/2013,21.64285714
Arnhem,ARN,15/07/2014,21
Arnhem,ARN,15/07/2015,22
Arnhem,ARN,15/08/2015,24
Arnhem,ARN,15/09/2015,18
Arnhem,ARN,15/11/2014,12
Arnhem,ARN,16/01/2014,7
Arnhem,ARN,16/02/2013,4
Arnhem,ARN,16/02/2014,7
Arnhem,ARN,16/03/2015,8
Arnhem,ARN,16/04/2015,14
Arnhem,ARN,16/05/2014,15
Arnhem,ARN,16/06/2014,21
Arnhem,ARN,16/06/2015,21
Arnhem,ARN,16/07/2013,22
Arnhem,ARN,16/07/2014,21
Arnhem,ARN,16/07/2015,22.68421053
Arnhem,ARN,16/08/2014,21
Arnhem,ARN,16/08/2015,24
Arnhem,ARN,16/09/2013,18
Arnhem,ARN,16/09/2014,20
Arnhem,ARN,16/09/2015,18
Arnhem,ARN,16/11/2013,10
Arnhem,ARN,16/11/2014,12
Arnhem,ARN,16/12/2015,9
Arnhem,ARN,17/01/2014,7
Arnhem,ARN,17/02/2014,7
Arnhem,ARN,17/03/2013,6
Arnhem,ARN,17/03/2015,9
Arnhem,ARN,17/04/2013,12
Arnhem,ARN,17/05/2014,16
Arnhem,ARN,17/05/2015,17
Arnhem,ARN,17/06/2013,18
Arnhem,ARN,17/06/2014,21
Arnhem,ARN,17/06/2015,21
Arnhem,ARN,17/07/2013,23
Arnhem,ARN,17/07/2014,22
Arnhem,ARN,17/07/2015,23
Arnhem,ARN,17/08/2015,22.45
Arnhem,ARN,17/09/2014,20
Arnhem,ARN,17/11/2014,12
Arnhem,ARN,18/01/2013,4
Arnhem,ARN,18/02/2014,7
Arnhem,ARN,18/03/2013,6
Arnhem,ARN,18/03/2015,9
Arnhem,ARN,18/04/2014,14
Arnhem,ARN,18/04/2015,14
Arnhem,ARN,18/05/2014,16.72972973
Arnhem,ARN,18/05/2015,17
Arnhem,ARN,18/06/2013,19
Arnhem,ARN,18/06/2014,21
Arnhem,ARN,18/06/2015,21
Arnhem,ARN,18/07/2013,23
Arnhem,ARN,18/07/2014,23
Arnhem,ARN,18/07/2015,23
Arnhem,ARN,18/08/2014,20
Arnhem,ARN,18/08/2015,21
Arnhem,ARN,18/10/2013,14
Arnhem,ARN,18/10/2015,12
Arnhem,ARN,18/11/2014,12
Arnhem,ARN,18/12/2014,8
Arnhem,ARN,19/01/2013,4
Arnhem,ARN,19/01/2015,7
Arnhem,ARN,19/04/2013,13
Arnhem,ARN,19/04/2014,14
Arnhem,ARN,19/04/2015,14
Arnhem,ARN,19/05/2013,14.6875
Arnhem,ARN,19/05/2014,17
Arnhem,ARN,19/05/2015,17
Arnhem,ARN,19/06/2013,19.5625
Arnhem,ARN,19/06/2014,20
Arnhem,ARN,19/07/2014,23
Arnhem,ARN,19/07/2015,23
Arnhem,ARN,19/08/2013,22
Arnhem,ARN,19/08/2015,21
Arnhem,ARN,19/09/2015,18
Arnhem,ARN,19/10/2013,14
Arnhem,ARN,19/10/2014,17
Arnhem,ARN,19/10/2015,12
Arnhem,ARN,19/11/2013,9
Arnhem,ARN,19/11/2014,12
Arnhem,ARN,19/12/2014,9
Arnhem,ARN,19/12/2015,10
Arnhem,ARN,20/01/2013,3
Arnhem,ARN,20/04/2013,13
Arnhem,ARN,20/04/2014,14
Arnhem,ARN,20/05/2013,15
Arnhem,ARN,20/05/2014,18
Arnhem,ARN,20/05/2015,17
Arnhem,ARN,20/06/2015,20
Arnhem,ARN,20/07/2014,24
Arnhem,ARN,20/07/2015,23
Arnhem,ARN,20/08/2014,19
Arnhem,ARN,20/08/2015,21
Arnhem,ARN,20/09/2013,17
Arnhem,ARN,20/10/2013,14
Arnhem,ARN,20/10/2014,17
Arnhem,ARN,20/11/2015,12
Arnhem,ARN,20/12/2015,10
Arnhem,ARN,21/01/2013,3
Arnhem,ARN,21/01/2014,7
Arnhem,ARN,21/02/2015,6
Arnhem,ARN,21/03/2013,6
Arnhem,ARN,21/03/2014,11
Arnhem,ARN,21/04/2013,13
Arnhem,ARN,21/04/2015,15
Arnhem,ARN,21/05/2014,19
Arnhem,ARN,21/06/2015,20
Arnhem,ARN,21/07/2013,23
Arnhem,ARN,21/07/2015,23
Arnhem,ARN,21/08/2013,22
Arnhem,ARN,21/08/2014,19
Arnhem,ARN,21/08/2015,22
Arnhem,ARN,21/09/2013,17
Arnhem,ARN,21/10/2013,14
Arnhem,ARN,21/10/2014,17
Arnhem,ARN,21/11/2015,11
Arnhem,ARN,21/12/2015,10
Arnhem,ARN,22/01/2014,7
Arnhem,ARN,22/01/2015,6
Arnhem,ARN,22/02/2013,4
Arnhem,ARN,22/02/2015,6
Arnhem,ARN,22/03/2013,6
Arnhem,ARN,22/03/2015,9
Arnhem,ARN,22/04/2013,13
Arnhem,ARN,22/04/2014,15
Arnhem,ARN,22/04/2015,15
Arnhem,ARN,22/05/2013,15
Arnhem,ARN,22/05/2014,19
Arnhem,ARN,22/05/2015,18
Arnhem,ARN,22/06/2014,20
Arnhem,ARN,22/07/2013,24
Arnhem,ARN,22/07/2014,24
Arnhem,ARN,22/07/2015,24
Arnhem,ARN,22/08/2013,22
Arnhem,ARN,22/08/2014,19
Arnhem,ARN,22/08/2015,22
Arnhem,ARN,22/09/2013,17
Arnhem,ARN,22/09/2014,20
Arnhem,ARN,22/10/2013,14
Arnhem,ARN,22/10/2014,16
Arnhem,ARN,22/11/2015,10
Arnhem,ARN,22/12/2015,10
Arnhem,ARN,23/02/2015,6
Arnhem,ARN,23/03/2013,6
Arnhem,ARN,23/04/2014,15.1
Arnhem,ARN,23/04/2015,15
Arnhem,ARN,23/05/2013,14
Arnhem,ARN,23/05/2014,19
Arnhem,ARN,23/06/2014,20
Arnhem,ARN,23/06/2015,19
Arnhem,ARN,23/07/2013,25
Arnhem,ARN,23/07/2014,24
Arnhem,ARN,23/07/2015,24
Arnhem,ARN,23/08/2013,22
Arnhem,ARN,23/08/2014,19
Arnhem,ARN,23/08/2015,22
Arnhem,ARN,23/09/2013,17
Arnhem,ARN,23/10/2015,13
Arnhem,ARN,23/11/2015,10
Arnhem,ARN,24/03/2013,5
Arnhem,ARN,24/04/2013,13
Arnhem,ARN,24/04/2014,16
Arnhem,ARN,24/04/2015,15
Arnhem,ARN,24/05/2014,19
Arnhem,ARN,24/05/2015,18
Arnhem,ARN,24/06/2013,20
Arnhem,ARN,24/06/2014,20.04347826
Arnhem,ARN,24/06/2015,19
Arnhem,ARN,24/07/2013,25
Arnhem,ARN,24/07/2014,24
Arnhem,ARN,24/07/2015,24
Arnhem,ARN,24/08/2013,22
Arnhem,ARN,24/09/2014,19
Arnhem,ARN,24/10/2014,15
Arnhem,ARN,24/11/2014,11
Arnhem,ARN,24/12/2015,10
Arnhem,ARN,25/03/2013,5
Arnhem,ARN,25/03/2015,10
Arnhem,ARN,25/04/2013,14
Arnhem,ARN,25/04/2014,16
Arnhem,ARN,25/05/2014,19
Arnhem,ARN,25/05/2015,18
Arnhem,ARN,25/06/2013,20
Arnhem,ARN,25/06/2014,20
Arnhem,ARN,25/06/2015,19
Arnhem,ARN,25/07/2013,25
Arnhem,ARN,25/07/2014,24
Arnhem,ARN,25/07/2015,22.23076923
Arnhem,ARN,25/08/2013,22
Arnhem,ARN,25/08/2015,22
Arnhem,ARN,25/09/2014,18
Arnhem,ARN,25/10/2013,15
Arnhem,ARN,25/10/2014,15
Arnhem,ARN,25/11/2014,11
Arnhem,ARN,25/12/2013,7
Arnhem,ARN,25/12/2015,10
Arnhem,ARN,26/02/2013,4
Arnhem,ARN,26/02/2014,8
Arnhem,ARN,26/02/2015,7
Arnhem,ARN,26/03/2013,5
Arnhem,ARN,26/03/2015,10
Arnhem,ARN,26/04/2013,14
Arnhem,ARN,26/04/2014,17
Arnhem,ARN,26/05/2013,13
Arnhem,ARN,26/05/2014,19
Arnhem,ARN,26/06/2013,19
Arnhem,ARN,26/06/2014,21
Arnhem,ARN,26/06/2015,20
Arnhem,ARN,26/07/2013,25
Arnhem,ARN,26/09/2014,17.95384615
Arnhem,ARN,26/09/2015,17
Arnhem,ARN,26/10/2013,15
Arnhem,ARN,26/10/2014,15
Arnhem,ARN,26/12/2013,7
Arnhem,ARN,26/12/2015,10
Arnhem,ARN,27/01/2015,6
Arnhem,ARN,27/02/2013,4
Arnhem,ARN,27/02/2015,7
Arnhem,ARN,27/03/2013,5
Arnhem,ARN,27/03/2014,11
Arnhem,ARN,27/04/2013,13
Arnhem,ARN,27/05/2013,13
Arnhem,ARN,27/05/2014,19
Arnhem,ARN,27/05/2015,17
Arnhem,ARN,27/06/2014,21
Arnhem,ARN,27/07/2013,25
Arnhem,ARN,27/07/2015,21
Arnhem,ARN,27/08/2014,19
Arnhem,ARN,27/08/2015,21
Arnhem,ARN,27/09/2013,17
Arnhem,ARN,27/09/2014,18
Arnhem,ARN,27/09/2015,17
Arnhem,ARN,27/10/2013,15
Arnhem,ARN,27/10/2014,15
Arnhem,ARN,27/11/2013,8
Arnhem,ARN,27/11/2015,9
Arnhem,ARN,27/12/2013,7
Arnhem,ARN,27/12/2014,8
Arnhem,ARN,27/12/2015,10
Arnhem,ARN,28/01/2015,6
Arnhem,ARN,28/02/2014,8
Arnhem,ARN,28/02/2015,7
Arnhem,ARN,28/03/2014,11
Arnhem,ARN,28/04/2013,13
Arnhem,ARN,28/04/2014,17
Arnhem,ARN,28/04/2015,15
Arnhem,ARN,28/05/2013,14
Arnhem,ARN,28/05/2014,19
Arnhem,ARN,28/05/2015,17
Arnhem,ARN,28/06/2014,21
Arnhem,ARN,28/06/2015,21
Arnhem,ARN,28/07/2014,23
Arnhem,ARN,28/08/2014,19
Arnhem,ARN,28/08/2015,21
Arnhem,ARN,28/09/2015,17
Arnhem,ARN,28/10/2014,15
Arnhem,ARN,28/11/2014,10
Arnhem,ARN,28/11/2015,9
Arnhem,ARN,28/12/2014,7
Arnhem,ARN,28/12/2015,10
Arnhem,ARN,29/01/2013,4
Arnhem,ARN,29/01/2014,6
Arnhem,ARN,29/03/2014,11
Arnhem,ARN,29/04/2014,17
Arnhem,ARN,29/05/2014,18
Arnhem,ARN,29/05/2015,17
Arnhem,ARN,29/06/2013,18
Arnhem,ARN,29/06/2014,21
Arnhem,ARN,29/06/2015,21
Arnhem,ARN,29/07/2013,24
Arnhem,ARN,29/07/2014,23
Arnhem,ARN,29/07/2015,20
Arnhem,ARN,29/08/2015,21
Arnhem,ARN,29/09/2013,16
Arnhem,ARN,29/10/2013,14
Arnhem,ARN,29/12/2015,10
Arnhem,ARN,30/01/2013,5
Arnhem,ARN,30/01/2014,6
Arnhem,ARN,30/03/2015,10
Arnhem,ARN,30/04/2013,13
Arnhem,ARN,30/04/2014,17.04761905
Arnhem,ARN,30/05/2013,14
Arnhem,ARN,30/05/2014,18
Arnhem,ARN,30/05/2015,17
Arnhem,ARN,30/06/2013,18
Arnhem,ARN,30/06/2014,21
Arnhem,ARN,30/06/2015,22
Arnhem,ARN,30/07/2013,24
Arnhem,ARN,30/07/2014,23
Arnhem,ARN,30/09/2015,16
Arnhem,ARN,30/10/2013,14
Arnhem,ARN,30/11/2014,9
Arnhem,ARN,30/12/2014,6
Arnhem,ARN,31/01/2014,6
Arnhem,ARN,31/03/2014,12
Arnhem,ARN,31/03/2015,10
Arnhem,ARN,31/05/2013,14
Arnhem,ARN,31/05/2014,18
Arnhem,ARN,31/07/2014,23
Arnhem,ARN,31/07/2015,20
Arnhem,ARN,31/08/2013,21
Arnhem,ARN,31/08/2015,22
Arnhem,ARN,31/12/2013,7
Arnhem,ARN,31/12/2014,6
Arnhem,ARN,31/12/2015,9
Arnhem,ARN,01/01/2020,6
Arnhem,ARN,01/02/2020,7
Arnhem,ARN,01/04/2019,11
Arnhem,ARN,01/04/2020,9
Arnhem,ARN,01/05/2020,16
Arnhem,ARN,01/06/2019,18.57142857
Arnhem,ARN,01/06/2020,20
Arnhem,ARN,01/07/2019,24
Arnhem,ARN,01/08/2019,24
Arnhem,ARN,01/08/2020,23
Arnhem,ARN,01/09/2019,23
Arnhem,ARN,01/09/2020,19
Arnhem,ARN,01/10/2019,17
Arnhem,ARN,01/11/2019,12
Arnhem,ARN,01/11/2020,13
Arnhem,ARN,01/12/2019,8
Arnhem,ARN,02/01/2019,7
Arnhem,ARN,02/01/2020,6
Arnhem,ARN,02/04/2019,11
Arnhem,ARN,02/05/2019,15
Arnhem,ARN,02/06/2019,19
Arnhem,ARN,02/06/2020,20.53333333
Arnhem,ARN,02/07/2019,23.86956522
Arnhem,ARN,02/08/2019,23
Arnhem,ARN,02/08/2020,23
Arnhem,ARN,02/09/2019,23
Arnhem,ARN,02/09/2020,19.66666667
Arnhem,ARN,02/10/2019,17
Arnhem,ARN,02/11/2019,12
Arnhem,ARN,03/01/2020,6
Arnhem,ARN,03/02/2019,4
Arnhem,ARN,03/04/2019,11
Arnhem,ARN,03/05/2019,15
Arnhem,ARN,03/05/2020,16
Arnhem,ARN,03/06/2019,20
Arnhem,ARN,03/06/2020,21
Arnhem,ARN,03/07/2019,23
Arnhem,ARN,03/08/2019,23
Arnhem,ARN,03/08/2020,23
Arnhem,ARN,03/09/2019,22
Arnhem,ARN,03/10/2020,16
Arnhem,ARN,03/11/2019,12
Arnhem,ARN,04/01/2020,6
Arnhem,ARN,04/02/2019,4
Arnhem,ARN,04/05/2020,16
Arnhem,ARN,04/06/2019,20
Arnhem,ARN,04/06/2020,21
Arnhem,ARN,04/07/2019,23
Arnhem,ARN,04/08/2019,23
Arnhem,ARN,04/08/2020,23
Arnhem,ARN,04/09/2019,21
Arnhem,ARN,04/09/2020,20
Arnhem,ARN,04/10/2019,16
Arnhem,ARN,04/11/2019,12
Arnhem,ARN,04/11/2020,13
Arnhem,ARN,05/04/2019,11
Arnhem,ARN,05/04/2020,10
Arnhem,ARN,05/05/2020,16
Arnhem,ARN,05/06/2020,19.5
Arnhem,ARN,05/07/2019,23
Arnhem,ARN,05/08/2019,23
Arnhem,ARN,05/08/2020,23
Arnhem,ARN,05/09/2020,20
Arnhem,ARN,05/10/2020,15
Arnhem,ARN,05/11/2019,12
Arnhem,ARN,05/12/2020,7
Arnhem,ARN,06/04/2020,11
Arnhem,ARN,06/05/2019,14
Arnhem,ARN,06/05/2020,16
Arnhem,ARN,06/06/2020,18
Arnhem,ARN,06/07/2019,23
Arnhem,ARN,06/07/2020,20
Arnhem,ARN,06/08/2019,23
Arnhem,ARN,06/08/2020,23.33333333
Arnhem,ARN,06/09/2019,20
Arnhem,ARN,06/09/2020,20
Arnhem,ARN,06/10/2019,15
Arnhem,ARN,06/10/2020,15
Arnhem,ARN,07/02/2019,5
Arnhem,ARN,07/04/2020,11
Arnhem,ARN,07/05/2020,16
Arnhem,ARN,07/07/2019,23
Arnhem,ARN,07/08/2019,23
Arnhem,ARN,07/08/2020,24.07142857
Arnhem,ARN,07/09/2019,20
Arnhem,ARN,07/09/2020,20
Arnhem,ARN,07/10/2019,14
Arnhem,ARN,07/11/2020,12
Arnhem,ARN,08/04/2020,12
Arnhem,ARN,08/05/2020,17.16666667
Arnhem,ARN,08/06/2019,20
Arnhem,ARN,08/07/2019,22
Arnhem,ARN,08/08/2019,23
Arnhem,ARN,08/08/2020,24.38095238
Arnhem,ARN,08/11/2019,12
Arnhem,ARN,09/01/2020,7
Arnhem,ARN,09/04/2020,13
Arnhem,ARN,09/05/2020,17
Arnhem,ARN,09/06/2019,19
Arnhem,ARN,09/06/2020,17
Arnhem,ARN,09/07/2019,22
Arnhem,ARN,09/08/2020,25.9
Arnhem,ARN,09/10/2019,14
Arnhem,ARN,10/02/2019,6
Arnhem,ARN,10/02/2020,7
Arnhem,ARN,10/03/2020,8
Arnhem,ARN,10/04/2020,13
Arnhem,ARN,10/05/2020,18
Arnhem,ARN,10/06/2019,20
Arnhem,ARN,10/06/2020,17.71428571
Arnhem,ARN,10/07/2020,20
Arnhem,ARN,10/08/2019,22
Arnhem,ARN,10/08/2020,25.42222222
Arnhem,ARN,10/09/2020,19
Arnhem,ARN,10/10/2019,14
Arnhem,ARN,10/11/2020,12
Arnhem,ARN,10/12/2019,7
Arnhem,ARN,10/12/2020,6
Arnhem,ARN,11/01/2019,6
Arnhem,ARN,11/01/2020,7
Arnhem,ARN,11/02/2019,6
Arnhem,ARN,11/02/2020,7
Arnhem,ARN,11/04/2020,13
Arnhem,ARN,11/05/2019,14
Arnhem,ARN,11/05/2020,17
Arnhem,ARN,11/06/2019,20
Arnhem,ARN,11/06/2020,18
Arnhem,ARN,11/07/2020,20
Arnhem,ARN,11/08/2020,26
Arnhem,ARN,11/09/2019,19
Arnhem,ARN,11/09/2020,19
Arnhem,ARN,11/10/2020,14
Arnhem,ARN,11/11/2019,11
Arnhem,ARN,11/11/2020,12
Arnhem,ARN,11/12/2019,7
Arnhem,ARN,11/12/2020,6
Arnhem,ARN,12/01/2019,6
Arnhem,ARN,12/01/2020,7
Arnhem,ARN,12/02/2019,6
Arnhem,ARN,12/05/2019,14.33333333
Arnhem,ARN,12/05/2020,16
Arnhem,ARN,12/06/2019,20
Arnhem,ARN,12/06/2020,19
Arnhem,ARN,12/07/2020,20.25
Arnhem,ARN,12/08/2020,26.75
Arnhem,ARN,12/09/2019,19
Arnhem,ARN,12/09/2020,19
Arnhem,ARN,12/10/2020,14
Arnhem,ARN,12/12/2020,6
Arnhem,ARN,13/01/2020,7
Arnhem,ARN,13/02/2019,6
Arnhem,ARN,13/03/2019,8
Arnhem,ARN,13/04/2020,14
Arnhem,ARN,13/05/2019,14
Arnhem,ARN,13/05/2020,16
Arnhem,ARN,13/06/2019,20
Arnhem,ARN,13/06/2020,21
Arnhem,ARN,13/07/2020,20.22222222
Arnhem,ARN,13/08/2020,26
Arnhem,ARN,13/09/2019,20
Arnhem,ARN,13/09/2020,19
Arnhem,ARN,13/10/2019,15
Arnhem,ARN,13/12/2019,7
Arnhem,ARN,13/12/2020,6
Arnhem,ARN,14/02/2019,6
Arnhem,ARN,14/03/2020,9
Arnhem,ARN,14/05/2020,15
Arnhem,ARN,14/06/2019,20
Arnhem,ARN,14/07/2020,21
Arnhem,ARN,14/08/2019,21
Arnhem,ARN,14/08/2020,26
Arnhem,ARN,14/09/2020,20
Arnhem,ARN,14/10/2019,15
Arnhem,ARN,14/11/2019,10
Arnhem,ARN,15/02/2019,6
Arnhem,ARN,15/03/2019,8
Arnhem,ARN,15/03/2020,9
Arnhem,ARN,15/05/2019,14
Arnhem,ARN,15/05/2020,15
Arnhem,ARN,15/06/2020,21
Arnhem,ARN,15/08/2020,26.10526316
Arnhem,ARN,15/09/2019,19
Arnhem,ARN,15/09/2020,20.4
Arnhem,ARN,15/10/2019,16
Arnhem,ARN,15/12/2020,7
Arnhem,ARN,16/02/2019,6
Arnhem,ARN,16/02/2020,7
Arnhem,ARN,16/03/2019,8
Arnhem,ARN,16/03/2020,9
Arnhem,ARN,16/04/2020,14.875
Arnhem,ARN,16/05/2020,15
Arnhem,ARN,16/07/2019,21
Arnhem,ARN,16/08/2019,21
Arnhem,ARN,16/08/2020,26
Arnhem,ARN,16/09/2020,21
Arnhem,ARN,16/10/2019,16
Arnhem,ARN,16/10/2020,13
Arnhem,ARN,16/11/2019,9
Arnhem,ARN,16/12/2019,7
Arnhem,ARN,17/01/2019,6
Arnhem,ARN,17/02/2019,6
Arnhem,ARN,17/04/2020,14
Arnhem,ARN,17/05/2020,15
Arnhem,ARN,17/06/2019,21
Arnhem,ARN,17/06/2020,21
Arnhem,ARN,17/07/2019,21
Arnhem,ARN,17/07/2020,21
Arnhem,ARN,17/08/2019,21
Arnhem,ARN,17/08/2020,26
Arnhem,ARN,17/09/2019,19
Arnhem,ARN,17/09/2020,20
Arnhem,ARN,17/10/2020,13
Arnhem,ARN,17/11/2019,9
Arnhem,ARN,17/12/2019,7
Arnhem,ARN,18/01/2020,7
Arnhem,ARN,18/02/2019,6
Arnhem,ARN,18/04/2020,14
Arnhem,ARN,18/05/2019,15
Arnhem,ARN,18/05/2020,16
Arnhem,ARN,18/06/2019,21
Arnhem,ARN,18/07/2019,21
Arnhem,ARN,18/07/2020,21.15
Arnhem,ARN,18/08/2019,21
Arnhem,ARN,18/08/2020,25
Arnhem,ARN,19/01/2020,7
Arnhem,ARN,19/03/2019,8
Arnhem,ARN,19/03/2020,10
Arnhem,ARN,19/04/2019,13
Arnhem,ARN,19/04/2020,14
Arnhem,ARN,19/05/2019,16
Arnhem,ARN,19/05/2020,17
Arnhem,ARN,19/07/2019,21
Arnhem,ARN,19/07/2020,22.38888889
Arnhem,ARN,19/08/2019,21
Arnhem,ARN,19/08/2020,25
Arnhem,ARN,19/09/2019,18
Arnhem,ARN,19/09/2020,19
Arnhem,ARN,19/10/2019,15
Arnhem,ARN,19/11/2020,11
Arnhem,ARN,20/04/2019,14
Arnhem,ARN,20/04/2020,14
Arnhem,ARN,20/05/2019,16
Arnhem,ARN,20/05/2020,17.5
Arnhem,ARN,20/06/2020,22
Arnhem,ARN,20/07/2020,23
Arnhem,ARN,20/08/2019,21
Arnhem,ARN,20/08/2020,25
Arnhem,ARN,20/09/2019,18
Arnhem,ARN,20/09/2020,19
Arnhem,ARN,20/10/2019,15
Arnhem,ARN,20/11/2020,11
Arnhem,ARN,20/12/2019,8
Arnhem,ARN,21/01/2019,5
Arnhem,ARN,21/03/2020,10
Arnhem,ARN,21/04/2019,15
Arnhem,ARN,21/04/2020,14
Arnhem,ARN,21/05/2019,16
Arnhem,ARN,21/05/2020,18.9
Arnhem,ARN,21/06/2019,21
Arnhem,ARN,21/07/2020,22
Arnhem,ARN,21/08/2019,21.53846154
Arnhem,ARN,21/09/2020,19
Arnhem,ARN,21/11/2019,8
Arnhem,ARN,21/12/2019,8
Arnhem,ARN,22/01/2019,4
Arnhem,ARN,22/02/2019,7
Arnhem,ARN,22/03/2019,9
Arnhem,ARN,22/03/2020,10
Arnhem,ARN,22/04/2019,15
Arnhem,ARN,22/04/2020,14
Arnhem,ARN,22/05/2019,16
Arnhem,ARN,22/05/2020,19
Arnhem,ARN,22/06/2019,21.35714286
Arnhem,ARN,22/06/2020,22
Arnhem,ARN,22/07/2019,22
Arnhem,ARN,22/07/2020,22
Arnhem,ARN,22/08/2019,21
Arnhem,ARN,22/08/2020,24
Arnhem,ARN,22/09/2019,18
Arnhem,ARN,22/09/2020,19
Arnhem,ARN,22/10/2020,13
Arnhem,ARN,22/12/2019,8
Arnhem,ARN,22/12/2020,8
Arnhem,ARN,23/01/2019,4
Arnhem,ARN,23/02/2019,7
Arnhem,ARN,23/02/2020,8
Arnhem,ARN,23/03/2020,10
Arnhem,ARN,23/04/2019,15
Arnhem,ARN,23/04/2020,15
Arnhem,ARN,23/05/2019,16
Arnhem,ARN,23/06/2019,22
Arnhem,ARN,23/06/2020,22
Arnhem,ARN,23/07/2019,24
Arnhem,ARN,23/07/2020,22
Arnhem,ARN,23/08/2019,22.36363636
Arnhem,ARN,23/08/2020,23
Arnhem,ARN,23/09/2019,18
Arnhem,ARN,23/09/2020,19
Arnhem,ARN,23/10/2019,15
Arnhem,ARN,23/10/2020,13
Arnhem,ARN,23/11/2020,10
Arnhem,ARN,23/12/2019,8
Arnhem,ARN,23/12/2020,8
Arnhem,ARN,24/02/2019,7
Arnhem,ARN,24/04/2019,16
Arnhem,ARN,24/04/2020,15.19672131
Arnhem,ARN,24/05/2019,17
Arnhem,ARN,24/05/2020,18
Arnhem,ARN,24/06/2019,22.3220339
Arnhem,ARN,24/06/2020,22
Arnhem,ARN,24/07/2019,24.36363636
Arnhem,ARN,24/07/2020,22
Arnhem,ARN,24/08/2019,22.42857143
Arnhem,ARN,24/09/2020,19
Arnhem,ARN,24/10/2020,13
Arnhem,ARN,24/12/2019,8
Arnhem,ARN,25/01/2020,6
Arnhem,ARN,25/02/2019,7
Arnhem,ARN,25/02/2020,8
Arnhem,ARN,25/03/2020,9
Arnhem,ARN,25/04/2019,16
Arnhem,ARN,25/04/2020,16.5
Arnhem,ARN,25/05/2019,17
Arnhem,ARN,25/05/2020,18
Arnhem,ARN,25/06/2019,23
Arnhem,ARN,25/06/2020,23
Arnhem,ARN,25/07/2019,25.90909091
Arnhem,ARN,25/07/2020,22
Arnhem,ARN,25/08/2019,22.375
Arnhem,ARN,25/08/2020,22
Arnhem,ARN,25/09/2019,18
Arnhem,ARN,25/09/2020,18
Arnhem,ARN,25/12/2020,8
Arnhem,ARN,26/01/2019,4
Arnhem,ARN,26/01/2020,6
Arnhem,ARN,26/02/2020,8
Arnhem,ARN,26/03/2019,9
Arnhem,ARN,26/03/2020,9
Arnhem,ARN,26/04/2019,16
Arnhem,ARN,26/04/2020,16
Arnhem,ARN,26/05/2020,18.13793103
Arnhem,ARN,26/06/2019,24
Arnhem,ARN,26/06/2020,23.25
Arnhem,ARN,26/07/2019,26
Arnhem,ARN,26/07/2020,22
Arnhem,ARN,26/08/2019,23
Arnhem,ARN,26/08/2020,20.61111111
Arnhem,ARN,26/09/2019,18
Arnhem,ARN,26/10/2019,15
Arnhem,ARN,26/10/2020,13
Arnhem,ARN,26/11/2019,8
Arnhem,ARN,27/01/2019,4
Arnhem,ARN,27/01/2020,6
Arnhem,ARN,27/02/2019,8
Arnhem,ARN,27/03/2020,9
Arnhem,ARN,27/04/2019,16
Arnhem,ARN,27/04/2020,16.61764706
Arnhem,ARN,27/05/2020,19.27272727
Arnhem,ARN,27/06/2019,24
Arnhem,ARN,27/07/2019,26
Arnhem,ARN,27/08/2019,24
Arnhem,ARN,27/08/2020,20
Arnhem,ARN,27/09/2020,17
Arnhem,ARN,27/10/2019,15
Arnhem,ARN,27/10/2020,13
Arnhem,ARN,27/11/2019,8
Arnhem,ARN,27/12/2019,8
Arnhem,ARN,28/01/2020,6
Arnhem,ARN,28/02/2019,8
Arnhem,ARN,28/03/2020,9
Arnhem,ARN,28/05/2020,19
Arnhem,ARN,28/06/2019,23
Arnhem,ARN,28/06/2020,23
Arnhem,ARN,28/07/2019,26
Arnhem,ARN,28/08/2019,24
Arnhem,ARN,28/08/2020,20
Arnhem,ARN,28/11/2020,9
Arnhem,ARN,29/01/2020,6
Arnhem,ARN,29/03/2019,10
Arnhem,ARN,29/03/2020,9
Arnhem,ARN,29/04/2019,16
Arnhem,ARN,29/04/2020,16
Arnhem,ARN,29/05/2019,17
Arnhem,ARN,29/05/2020,19.33333333
Arnhem,ARN,29/06/2019,24
Arnhem,ARN,29/06/2020,22.58333333
Arnhem,ARN,29/07/2019,26
Arnhem,ARN,29/10/2019,14
Arnhem,ARN,29/12/2019,7
Arnhem,ARN,29/12/2020,7
Arnhem,ARN,30/01/2020,6
Arnhem,ARN,30/03/2019,11
Arnhem,ARN,30/04/2020,16
Arnhem,ARN,30/05/2019,17
Arnhem,ARN,30/05/2020,19
Arnhem,ARN,30/06/2019,24
Arnhem,ARN,30/06/2020,21
Arnhem,ARN,30/07/2020,21.16
Arnhem,ARN,30/08/2019,24
Arnhem,ARN,30/09/2019,17
Arnhem,ARN,30/09/2020,17
Arnhem,ARN,30/10/2019,13
Arnhem,ARN,30/11/2020,8
Arnhem,ARN,30/12/2019,7
Arnhem,ARN,31/01/2019,4
Arnhem,ARN,31/03/2019,11
Arnhem,ARN,31/03/2020,9
Arnhem,ARN,31/05/2019,18
Arnhem,ARN,31/05/2020,19
Arnhem,ARN,31/07/2019,25
Arnhem,ARN,31/07/2020,22
Arnhem,ARN,31/08/2019,24
Arnhem,ARN,31/08/2020,19
Arnhem,ARN,31/10/2020,13
Arnhem,ARN,01/01/2010,4
Arnhem,ARN,01/01/2011,3
Arnhem,ARN,01/01/2012,6
Arnhem,ARN,01/02/2010,3
Arnhem,ARN,01/02/2011,3
Arnhem,ARN,01/02/2012,3
Arnhem,ARN,01/03/2010,6
Arnhem,ARN,01/03/2012,6
Arnhem,ARN,01/04/2010,10
Arnhem,ARN,01/04/2011,11
Arnhem,ARN,01/05/2012,15
Arnhem,ARN,01/06/2010,17
Arnhem,ARN,01/06/2011,18.5
Arnhem,ARN,01/06/2012,20
Arnhem,ARN,01/07/2010,22
Arnhem,ARN,01/08/2011,19
Arnhem,ARN,01/08/2012,22
Arnhem,ARN,01/09/2010,18
Arnhem,ARN,01/09/2011,19
Arnhem,ARN,01/09/2012,21
Arnhem,ARN,01/10/2011,19
Arnhem,ARN,01/10/2012,16
Arnhem,ARN,01/12/2010,4.666666667
Arnhem,ARN,01/12/2011,7
Arnhem,ARN,01/12/2012,8
Arnhem,ARN,02/01/2010,4
Arnhem,ARN,02/02/2011,3
Arnhem,ARN,02/02/2012,2
Arnhem,ARN,02/03/2010,6
Arnhem,ARN,02/04/2010,10
Arnhem,ARN,02/04/2011,11
Arnhem,ARN,02/04/2012,10.18518519
Arnhem,ARN,02/05/2010,15
Arnhem,ARN,02/05/2011,15
Arnhem,ARN,02/05/2012,16
Arnhem,ARN,02/06/2010,18
Arnhem,ARN,02/06/2011,18.77777778
Arnhem,ARN,02/07/2010,23
Arnhem,ARN,02/07/2011,20
Arnhem,ARN,02/08/2011,19
Arnhem,ARN,02/08/2012,22
Arnhem,ARN,02/09/2011,19
Arnhem,ARN,02/09/2012,21
Arnhem,ARN,02/10/2011,19
Arnhem,ARN,02/10/2012,16
Arnhem,ARN,02/11/2011,12
Arnhem,ARN,02/11/2012,10
Arnhem,ARN,02/12/2010,4
Arnhem,ARN,02/12/2011,7
Arnhem,ARN,02/12/2012,8
Arnhem,ARN,03/01/2010,4
Arnhem,ARN,03/02/2010,3
Arnhem,ARN,03/02/2012,2
Arnhem,ARN,03/03/2010,6
Arnhem,ARN,03/04/2010,10
Arnhem,ARN,03/04/2012,11
Arnhem,ARN,03/05/2011,15
Arnhem,ARN,03/05/2012,16
Arnhem,ARN,03/06/2010,18
Arnhem,ARN,03/06/2011,19
Arnhem,ARN,03/06/2012,19
Arnhem,ARN,03/07/2010,24
Arnhem,ARN,03/07/2011,20
Arnhem,ARN,03/07/2012,22
Arnhem,ARN,03/08/2011,20
Arnhem,ARN,03/08/2012,22
Arnhem,ARN,03/09/2010,18
Arnhem,ARN,03/09/2011,19.06849315
Arnhem,ARN,03/09/2012,21
Arnhem,ARN,03/10/2011,19
Arnhem,ARN,03/10/2012,16
Arnhem,ARN,03/11/2011,12
Arnhem,ARN,03/12/2011,7
Arnhem,ARN,04/01/2010,4
Arnhem,ARN,04/02/2010,3
Arnhem,ARN,04/02/2011,4
Arnhem,ARN,04/03/2012,7
Arnhem,ARN,04/04/2010,10
Arnhem,ARN,04/04/2011,12
Arnhem,ARN,04/04/2012,11
Arnhem,ARN,04/05/2010,14
Arnhem,ARN,04/05/2011,15
Arnhem,ARN,04/05/2012,16
Arnhem,ARN,04/06/2010,18.4
Arnhem,ARN,04/06/2011,20
Arnhem,ARN,04/06/2012,18
Arnhem,ARN,04/07/2011,20
Arnhem,ARN,04/07/2012,22
Arnhem,ARN,04/08/2011,20
Arnhem,ARN,04/09/2010,18
Arnhem,ARN,04/09/2011,20
Arnhem,ARN,04/09/2012,21
Arnhem,ARN,04/10/2010,16
Arnhem,ARN,04/11/2010,11
Arnhem,ARN,04/11/2011,12
Arnhem,ARN,05/01/2010,4
Arnhem,ARN,05/01/2012,6
Arnhem,ARN,05/02/2012,1
Arnhem,ARN,05/04/2010,10
Arnhem,ARN,05/04/2011,12
Arnhem,ARN,05/04/2012,11
Arnhem,ARN,05/05/2011,15
Arnhem,ARN,05/05/2012,16
Arnhem,ARN,05/06/2010,19
Arnhem,ARN,05/06/2011,20
Arnhem,ARN,05/07/2010,24
Arnhem,ARN,05/07/2011,20
Arnhem,ARN,05/07/2012,23
Arnhem,ARN,05/08/2010,21
Arnhem,ARN,05/09/2010,18
Arnhem,ARN,05/09/2011,20
Arnhem,ARN,05/09/2012,21
Arnhem,ARN,05/10/2010,16
Arnhem,ARN,05/10/2011,18
Arnhem,ARN,05/12/2012,7
Arnhem,ARN,06/01/2012,6
Arnhem,ARN,06/02/2011,5
Arnhem,ARN,06/03/2012,7
Arnhem,ARN,06/04/2010,10
Arnhem,ARN,06/04/2011,12
Arnhem,ARN,06/04/2012,11
Arnhem,ARN,06/05/2010,14
Arnhem,ARN,06/05/2011,15.54545455
Arnhem,ARN,06/05/2012,15
Arnhem,ARN,06/06/2010,19
Arnhem,ARN,06/06/2011,20
Arnhem,ARN,06/07/2010,23
Arnhem,ARN,06/07/2011,20
Arnhem,ARN,06/07/2012,23
Arnhem,ARN,06/08/2010,21
Arnhem,ARN,06/08/2011,21
Arnhem,ARN,06/09/2010,18
Arnhem,ARN,06/09/2011,19
Arnhem,ARN,06/10/2010,16
Arnhem,ARN,06/10/2011,17
Arnhem,ARN,06/11/2010,12
Arnhem,ARN,06/11/2011,12
Arnhem,ARN,06/11/2012,10
Arnhem,ARN,06/12/2011,6
Arnhem,ARN,06/12/2012,7
Arnhem,ARN,07/01/2010,3
Arnhem,ARN,07/01/2012,6
Arnhem,ARN,07/02/2012,0
Arnhem,ARN,07/03/2010,5
Arnhem,ARN,07/03/2012,7
Arnhem,ARN,07/04/2010,11
Arnhem,ARN,07/04/2011,12
Arnhem,ARN,07/05/2010,14
Arnhem,ARN,07/05/2011,16
Arnhem,ARN,07/05/2012,15
Arnhem,ARN,07/06/2011,20
Arnhem,ARN,07/06/2012,18
Arnhem,ARN,07/07/2010,23
Arnhem,ARN,07/07/2011,20
Arnhem,ARN,07/07/2012,23
Arnhem,ARN,07/08/2010,21
Arnhem,ARN,07/08/2012,22
Arnhem,ARN,07/09/2010,17
Arnhem,ARN,07/09/2011,18
Arnhem,ARN,07/09/2012,20
Arnhem,ARN,07/10/2010,16
Arnhem,ARN,07/10/2011,16
Arnhem,ARN,07/10/2012,15
Arnhem,ARN,07/11/2011,12
Arnhem,ARN,07/11/2012,10
Arnhem,ARN,07/12/2012,6
Arnhem,ARN,08/01/2010,3
Arnhem,ARN,08/01/2011,4
Arnhem,ARN,08/02/2012,0
Arnhem,ARN,08/04/2010,11
Arnhem,ARN,08/04/2011,13
Arnhem,ARN,08/05/2011,17
Arnhem,ARN,08/06/2010,19
Arnhem,ARN,08/06/2011,20
Arnhem,ARN,08/06/2012,19
Arnhem,ARN,08/07/2011,20
Arnhem,ARN,08/08/2010,21
Arnhem,ARN,08/09/2010,17
Arnhem,ARN,08/09/2012,20
Arnhem,ARN,08/10/2010,16
Arnhem,ARN,08/10/2012,15
Arnhem,ARN,08/11/2010,11
Arnhem,ARN,08/11/2012,10
Arnhem,ARN,08/12/2010,3
Arnhem,ARN,09/01/2010,2
Arnhem,ARN,09/02/2011,6
Arnhem,ARN,09/04/2010,11
Arnhem,ARN,09/04/2011,13
Arnhem,ARN,09/05/2012,16
Arnhem,ARN,09/06/2011,20
Arnhem,ARN,09/07/2010,24
Arnhem,ARN,09/07/2012,22
Arnhem,ARN,09/08/2010,21
Arnhem,ARN,09/08/2011,20
Arnhem,ARN,09/08/2012,22
Arnhem,ARN,09/10/2011,15
Arnhem,ARN,09/11/2011,11
Arnhem,ARN,09/12/2010,3
Arnhem,ARN,09/12/2011,6
Arnhem,ARN,10/01/2010,2
Arnhem,ARN,10/02/2011,6
Arnhem,ARN,10/03/2012,7
Arnhem,ARN,10/04/2010,11
Arnhem,ARN,10/05/2011,17.25
Arnhem,ARN,10/06/2011,20
Arnhem,ARN,10/06/2012,19
Arnhem,ARN,10/07/2010,24
Arnhem,ARN,10/07/2011,21
Arnhem,ARN,10/08/2010,21
Arnhem,ARN,10/08/2012,22
Arnhem,ARN,10/09/2011,18
Arnhem,ARN,10/11/2010,10
Arnhem,ARN,10/12/2010,3
Arnhem,ARN,10/12/2012,5
Arnhem,ARN,11/02/2010,3
Arnhem,ARN,11/03/2011,6
Arnhem,ARN,11/04/2010,11
Arnhem,ARN,11/05/2010,13
Arnhem,ARN,11/05/2011,18
Arnhem,ARN,11/06/2010,20
Arnhem,ARN,11/06/2012,19
Arnhem,ARN,11/07/2011,21.625
Arnhem,ARN,11/08/2010,21
Arnhem,ARN,11/08/2011,19
Arnhem,ARN,11/09/2010,18
Arnhem,ARN,11/10/2010,15
Arnhem,ARN,11/11/2010,10
Arnhem,ARN,11/11/2011,10
Arnhem,ARN,11/12/2010,4
Arnhem,ARN,11/12/2012,5
Arnhem,ARN,12/01/2012,6
Arnhem,ARN,12/03/2011,6
Arnhem,ARN,12/04/2010,11
Arnhem,ARN,12/04/2011,14
Arnhem,ARN,12/05/2011,18
Arnhem,ARN,12/06/2010,20
Arnhem,ARN,12/06/2011,19
Arnhem,ARN,12/07/2010,25
Arnhem,ARN,12/07/2011,21
Arnhem,ARN,12/07/2012,21
Arnhem,ARN,12/08/2010,21
Arnhem,ARN,12/09/2012,20
Arnhem,ARN,12/10/2012,14
Arnhem,ARN,12/12/2011,6
Arnhem,ARN,13/01/2010,2
Arnhem,ARN,13/01/2011,5
Arnhem,ARN,13/02/2012,0
Arnhem,ARN,13/04/2010,11
Arnhem,ARN,13/04/2011,14
Arnhem,ARN,13/05/2011,18
Arnhem,ARN,13/05/2012,16
Arnhem,ARN,13/06/2010,20
Arnhem,ARN,13/06/2012,19
Arnhem,ARN,13/07/2010,25
Arnhem,ARN,13/07/2011,21
Arnhem,ARN,13/08/2010,21
Arnhem,ARN,13/09/2011,18
Arnhem,ARN,13/11/2010,10
Arnhem,ARN,13/11/2011,9
Arnhem,ARN,13/12/2010,4
Arnhem,ARN,13/12/2011,6
Arnhem,ARN,14/01/2010,2
Arnhem,ARN,14/03/2011,7
Arnhem,ARN,14/04/2010,12
Arnhem,ARN,14/05/2011,18
Arnhem,ARN,14/06/2011,19.16363636
Arnhem,ARN,14/06/2012,19
Arnhem,ARN,14/07/2010,25
Arnhem,ARN,14/07/2011,19.57692308
Arnhem,ARN,14/08/2010,21
Arnhem,ARN,14/08/2012,22
Arnhem,ARN,14/09/2012,19
Arnhem,ARN,14/10/2010,14
Arnhem,ARN,14/10/2012,14
Arnhem,ARN,14/11/2011,9
Arnhem,ARN,14/11/2012,10
Arnhem,ARN,14/12/2011,6
Arnhem,ARN,15/01/2011,6
Arnhem,ARN,15/02/2012,1
Arnhem,ARN,15/03/2010,5
Arnhem,ARN,15/03/2011,8
Arnhem,ARN,15/04/2010,12
Arnhem,ARN,15/04/2011,13
Arnhem,ARN,15/05/2010,13
Arnhem,ARN,15/06/2010,20
Arnhem,ARN,15/06/2011,20
Arnhem,ARN,15/06/2012,19
Arnhem,ARN,15/07/2010,25
Arnhem,ARN,15/07/2011,18.17241379
Arnhem,ARN,15/07/2012,20
Arnhem,ARN,15/08/2010,21
Arnhem,ARN,15/08/2012,22
Arnhem,ARN,15/10/2012,14
Arnhem,ARN,15/11/2011,8
Arnhem,ARN,15/11/2012,10
Arnhem,ARN,16/01/2011,6
Arnhem,ARN,16/01/2012,5
Arnhem,ARN,16/02/2011,7
Arnhem,ARN,16/03/2012,8
Arnhem,ARN,16/04/2011,14
Arnhem,ARN,16/04/2012,11
Arnhem,ARN,16/05/2010,13
Arnhem,ARN,16/05/2011,17
Arnhem,ARN,16/05/2012,16
Arnhem,ARN,16/06/2010,20
Arnhem,ARN,16/07/2010,24
Arnhem,ARN,16/07/2011,19
Arnhem,ARN,16/07/2012,20
Arnhem,ARN,16/08/2012,23
Arnhem,ARN,16/09/2012,18
Arnhem,ARN,16/10/2010,13
Arnhem,ARN,16/10/2011,14
Arnhem,ARN,16/10/2012,14
Arnhem,ARN,16/11/2011,7
Arnhem,ARN,16/12/2012,5
Arnhem,ARN,17/01/2010,3
Arnhem,ARN,17/02/2011,7
Arnhem,ARN,17/02/2012,2
Arnhem,ARN,17/03/2010,6
Arnhem,ARN,17/03/2012,8
Arnhem,ARN,17/04/2011,14
Arnhem,ARN,17/04/2012,11
Arnhem,ARN,17/05/2011,16
Arnhem,ARN,17/05/2012,16
Arnhem,ARN,17/06/2010,20
Arnhem,ARN,17/06/2011,19
Arnhem,ARN,17/06/2012,18
Arnhem,ARN,17/07/2010,24
Arnhem,ARN,17/07/2011,19
Arnhem,ARN,17/08/2011,20
Arnhem,ARN,17/08/2012,23
Arnhem,ARN,17/09/2010,17
Arnhem,ARN,17/09/2012,18
Arnhem,ARN,17/11/2010,10
Arnhem,ARN,17/11/2011,7
Arnhem,ARN,17/12/2010,3
Arnhem,ARN,18/01/2010,3
Arnhem,ARN,18/02/2010,3
Arnhem,ARN,18/03/2010,6
Arnhem,ARN,18/04/2010,12
Arnhem,ARN,18/04/2011,14
Arnhem,ARN,18/05/2010,14
Arnhem,ARN,18/05/2011,16
Arnhem,ARN,18/05/2012,16
Arnhem,ARN,18/06/2010,20
Arnhem,ARN,18/06/2011,19
Arnhem,ARN,18/07/2010,24
Arnhem,ARN,18/07/2011,19
Arnhem,ARN,18/08/2010,20
Arnhem,ARN,18/08/2011,20
Arnhem,ARN,18/08/2012,24
Arnhem,ARN,18/09/2010,17
Arnhem,ARN,18/09/2011,17
Arnhem,ARN,18/09/2012,18
Arnhem,ARN,18/10/2010,12
Arnhem,ARN,18/10/2011,13
Arnhem,ARN,18/11/2011,7
Arnhem,ARN,18/12/2010,3
Arnhem,ARN,19/01/2010,4
Arnhem,ARN,19/02/2011,6
Arnhem,ARN,19/03/2010,7
Arnhem,ARN,19/04/2010,12
Arnhem,ARN,19/04/2011,14
Arnhem,ARN,19/04/2012,11
Arnhem,ARN,19/05/2010,14
Arnhem,ARN,19/05/2011,16
Arnhem,ARN,19/05/2012,17
Arnhem,ARN,19/06/2010,19
Arnhem,ARN,19/06/2011,18
Arnhem,ARN,19/06/2012,19
Arnhem,ARN,19/07/2010,24
Arnhem,ARN,19/07/2011,19
Arnhem,ARN,19/08/2011,20
Arnhem,ARN,19/08/2012,24.44117647
Arnhem,ARN,19/09/2011,17
Arnhem,ARN,19/09/2012,18
Arnhem,ARN,19/10/2012,14
Arnhem,ARN,19/11/2012,9
Arnhem,ARN,20/01/2010,4
Arnhem,ARN,20/01/2011,6
Arnhem,ARN,20/02/2011,6
Arnhem,ARN,20/03/2010,8
Arnhem,ARN,20/03/2011,9
Arnhem,ARN,20/04/2011,15
Arnhem,ARN,20/04/2012,11
Arnhem,ARN,20/05/2010,14.25
Arnhem,ARN,20/05/2011,16.16666667
Arnhem,ARN,20/05/2012,17
Arnhem,ARN,20/06/2010,18
Arnhem,ARN,20/06/2011,18
Arnhem,ARN,20/06/2012,19
Arnhem,ARN,20/07/2010,24
Arnhem,ARN,20/07/2011,20
Arnhem,ARN,20/07/2012,19
Arnhem,ARN,20/08/2012,25
Arnhem,ARN,20/10/2011,12
Arnhem,ARN,21/01/2010,4
Arnhem,ARN,21/01/2011,6
Arnhem,ARN,21/02/2012,3
Arnhem,ARN,21/03/2011,9
Arnhem,ARN,21/03/2012,9
Arnhem,ARN,21/04/2011,15.61904762
Arnhem,ARN,21/04/2012,12
Arnhem,ARN,21/05/2010,15
Arnhem,ARN,21/05/2011,17.33333333
Arnhem,ARN,21/05/2012,18
Arnhem,ARN,21/06/2010,18
Arnhem,ARN,21/07/2011,20
Arnhem,ARN,21/08/2010,20
Arnhem,ARN,21/08/2011,21
Arnhem,ARN,21/09/2012,17
Arnhem,ARN,21/10/2010,11
Arnhem,ARN,21/12/2012,6
Arnhem,ARN,22/02/2010,4
Arnhem,ARN,22/02/2011,5
Arnhem,ARN,22/02/2012,3
Arnhem,ARN,22/04/2011,16
Arnhem,ARN,22/04/2012,12
Arnhem,ARN,22/05/2010,15
Arnhem,ARN,22/05/2011,18
Arnhem,ARN,22/05/2012,19
Arnhem,ARN,22/06/2010,18
Arnhem,ARN,22/07/2011,20
Arnhem,ARN,22/07/2012,19.23529412
Arnhem,ARN,22/08/2010,20
Arnhem,ARN,22/08/2011,21
Arnhem,ARN,22/08/2012,24
Arnhem,ARN,22/09/2010,17
Arnhem,ARN,22/09/2012,17
Arnhem,ARN,22/10/2012,15
Arnhem,ARN,22/11/2010,9
Arnhem,ARN,22/11/2011,7
Arnhem,ARN,22/12/2012,6
Arnhem,ARN,23/02/2011,5
Arnhem,ARN,23/02/2012,4
Arnhem,ARN,23/03/2010,9
Arnhem,ARN,23/03/2011,10
Arnhem,ARN,23/03/2012,10
Arnhem,ARN,23/04/2010,12
Arnhem,ARN,23/04/2011,17
Arnhem,ARN,23/04/2012,12
Arnhem,ARN,23/05/2011,18
Arnhem,ARN,23/05/2012,20
Arnhem,ARN,23/06/2010,19
Arnhem,ARN,23/07/2010,24
Arnhem,ARN,23/07/2011,19
Arnhem,ARN,23/07/2012,20
Arnhem,ARN,23/08/2011,21
Arnhem,ARN,23/08/2012,24
Arnhem,ARN,23/09/2010,17
Arnhem,ARN,23/09/2011,17
Arnhem,ARN,23/10/2011,11
Arnhem,ARN,23/10/2012,15
Arnhem,ARN,23/11/2011,7
Arnhem,ARN,23/12/2010,3
Arnhem,ARN,24/02/2010,5
Arnhem,ARN,24/02/2012,4
Arnhem,ARN,24/03/2011,10
Arnhem,ARN,24/03/2012,11
Arnhem,ARN,24/04/2011,17
Arnhem,ARN,24/04/2012,12
Arnhem,ARN,24/05/2010,16.42857143
Arnhem,ARN,24/05/2011,18
Arnhem,ARN,24/05/2012,20
Arnhem,ARN,24/06/2010,19
Arnhem,ARN,24/07/2010,24
Arnhem,ARN,24/07/2011,18
Arnhem,ARN,24/07/2012,21
Arnhem,ARN,24/08/2010,20
Arnhem,ARN,24/08/2011,21
Arnhem,ARN,24/09/2011,17
Arnhem,ARN,24/09/2012,16
Arnhem,ARN,24/10/2010,10
Arnhem,ARN,24/10/2011,11
Arnhem,ARN,24/10/2012,15
Arnhem,ARN,24/12/2010,3
Arnhem,ARN,24/12/2012,7
Arnhem,ARN,25/01/2010,4
Arnhem,ARN,25/03/2010,10
Arnhem,ARN,25/03/2012,11
Arnhem,ARN,25/04/2010,13
Arnhem,ARN,25/04/2011,17
Arnhem,ARN,25/04/2012,12
Arnhem,ARN,25/05/2010,17
Arnhem,ARN,25/05/2011,18.11111111
Arnhem,ARN,25/05/2012,20
Arnhem,ARN,25/06/2010,19
Arnhem,ARN,25/07/2010,23
Arnhem,ARN,25/07/2011,18
Arnhem,ARN,25/07/2012,22
Arnhem,ARN,25/08/2010,20
Arnhem,ARN,25/08/2011,21
Arnhem,ARN,25/08/2012,23
Arnhem,ARN,25/09/2010,17
Arnhem,ARN,25/09/2011,17
Arnhem,ARN,25/09/2012,16
Arnhem,ARN,25/11/2010,8
Arnhem,ARN,25/12/2012,7
Arnhem,ARN,26/01/2011,5
Arnhem,ARN,26/02/2010,6
Arnhem,ARN,26/02/2011,5
Arnhem,ARN,26/03/2012,11
Arnhem,ARN,26/04/2010,14
Arnhem,ARN,26/04/2011,17
Arnhem,ARN,26/05/2010,17
Arnhem,ARN,26/05/2011,18.2
Arnhem,ARN,26/05/2012,20
Arnhem,ARN,26/06/2010,20
Arnhem,ARN,26/06/2011,18.07575758
Arnhem,ARN,26/06/2012,19
Arnhem,ARN,26/07/2011,18
Arnhem,ARN,26/07/2012,22
Arnhem,ARN,26/08/2010,20
Arnhem,ARN,26/08/2011,21
Arnhem,ARN,26/08/2012,22
Arnhem,ARN,26/10/2012,14
Arnhem,ARN,26/11/2012,9
Arnhem,ARN,26/12/2010,3
Arnhem,ARN,26/12/2011,6
Arnhem,ARN,27/01/2010,3
Arnhem,ARN,27/02/2010,6
Arnhem,ARN,27/03/2011,10
Arnhem,ARN,27/03/2012,11.22058824
Arnhem,ARN,27/04/2010,14
Arnhem,ARN,27/04/2011,17
Arnhem,ARN,27/05/2012,21
Arnhem,ARN,27/06/2010,20
Arnhem,ARN,27/06/2011,19.52631579
Arnhem,ARN,27/06/2012,20
Arnhem,ARN,27/07/2010,22
Arnhem,ARN,27/07/2011,19
Arnhem,ARN,27/07/2012,23
Arnhem,ARN,27/08/2010,20
Arnhem,ARN,27/08/2011,21
Arnhem,ARN,27/08/2012,22
Arnhem,ARN,27/09/2010,16
Arnhem,ARN,27/09/2011,18
Arnhem,ARN,27/09/2012,16
Arnhem,ARN,27/10/2012,13
Arnhem,ARN,27/11/2012,9
Arnhem,ARN,27/12/2010,3
Arnhem,ARN,27/12/2011,6
Arnhem,ARN,28/01/2010,3
Arnhem,ARN,28/01/2011,4
Arnhem,ARN,28/02/2010,6
Arnhem,ARN,28/02/2012,5
Arnhem,ARN,28/03/2011,10
Arnhem,ARN,28/03/2012,12
Arnhem,ARN,28/04/2012,13
Arnhem,ARN,28/05/2012,21
Arnhem,ARN,28/06/2011,20.30434783
Arnhem,ARN,28/06/2012,20.53571429
Arnhem,ARN,28/07/2010,22
Arnhem,ARN,28/07/2012,23
Arnhem,ARN,28/09/2011,18
Arnhem,ARN,28/09/2012,16
Arnhem,ARN,28/10/2012,12
Arnhem,ARN,28/11/2010,7
Arnhem,ARN,28/12/2010,3
Arnhem,ARN,28/12/2011,6
Arnhem,ARN,29/02/2012,6
Arnhem,ARN,29/03/2011,10
Arnhem,ARN,29/04/2010,15.5
Arnhem,ARN,29/04/2011,16
Arnhem,ARN,29/04/2012,13
Arnhem,ARN,29/05/2010,17
Arnhem,ARN,29/05/2011,17
Arnhem,ARN,29/05/2012,21
Arnhem,ARN,29/06/2010,21
Arnhem,ARN,29/06/2011,21
Arnhem,ARN,29/06/2012,21
Arnhem,ARN,29/07/2010,22
Arnhem,ARN,29/08/2010,19
Arnhem,ARN,29/08/2011,20
Arnhem,ARN,29/08/2012,22
Arnhem,ARN,29/09/2011,18
Arnhem,ARN,29/09/2012,16
Arnhem,ARN,29/10/2011,11
Arnhem,ARN,29/11/2010,6
Arnhem,ARN,29/12/2010,3
Arnhem,ARN,29/12/2011,6
Arnhem,ARN,30/01/2010,3
Arnhem,ARN,30/01/2012,4
Arnhem,ARN,30/04/2010,16
Arnhem,ARN,30/04/2011,16
Arnhem,ARN,30/04/2012,14
Arnhem,ARN,30/05/2011,17.02325581
Arnhem,ARN,30/06/2010,22
Arnhem,ARN,30/06/2011,21
Arnhem,ARN,30/06/2012,22
Arnhem,ARN,30/07/2011,19
Arnhem,ARN,30/09/2012,16
Arnhem,ARN,30/10/2010,10
Arnhem,ARN,30/10/2011,11
Arnhem,ARN,31/01/2010,3
Arnhem,ARN,31/01/2012,4
Arnhem,ARN,31/03/2012,11
Arnhem,ARN,31/05/2011,18
Arnhem,ARN,31/07/2012,22
Arnhem,ARN,31/08/2010,18
Arnhem,ARN,31/08/2011,19
Arnhem,ARN,31/08/2012,21
Arnhem,ARN,31/10/2012,11
Arnhem,ARN,31/12/2010,3
Arnhem,ARN,01/02/2008,6
Arnhem,ARN,01/02/2009,3
Arnhem,ARN,01/03/2008,8
Arnhem,ARN,01/03/2009,6
Arnhem,ARN,01/04/2009,8
Arnhem,ARN,01/05/2007,18
Arnhem,ARN,01/05/2009,16
Arnhem,ARN,01/06/2007,19
Arnhem,ARN,01/06/2008,20
Arnhem,ARN,01/06/2009,20
Arnhem,ARN,01/07/2007,19
Arnhem,ARN,01/07/2008,22
Arnhem,ARN,01/07/2009,23
Arnhem,ARN,01/08/2007,20
Arnhem,ARN,01/08/2008,24
Arnhem,ARN,01/10/2008,15
Arnhem,ARN,01/10/2009,17
Arnhem,ARN,01/11/2007,11
Arnhem,ARN,01/12/2007,7
Arnhem,ARN,02/01/2008,4
Arnhem,ARN,02/02/2008,6
Arnhem,ARN,02/03/2008,8
Arnhem,ARN,02/04/2007,11
Arnhem,ARN,02/04/2008,9
Arnhem,ARN,02/04/2009,9
Arnhem,ARN,02/05/2008,14
Arnhem,ARN,02/05/2009,16
Arnhem,ARN,02/06/2007,19
Arnhem,ARN,02/06/2008,21
Arnhem,ARN,02/06/2009,20
Arnhem,ARN,02/07/2008,23
Arnhem,ARN,02/07/2009,23
Arnhem,ARN,02/08/2007,20
Arnhem,ARN,02/09/2009,20
Arnhem,ARN,02/12/2007,7
Arnhem,ARN,02/12/2009,9
Arnhem,ARN,03/02/2007,7
Arnhem,ARN,03/04/2007,11
Arnhem,ARN,03/04/2009,9
Arnhem,ARN,03/05/2007,18
Arnhem,ARN,03/05/2009,16
Arnhem,ARN,03/06/2008,22
Arnhem,ARN,03/06/2009,19
Arnhem,ARN,03/08/2007,20
Arnhem,ARN,03/08/2009,21
Arnhem,ARN,03/09/2008,20
Arnhem,ARN,03/09/2009,19
Arnhem,ARN,03/10/2008,14
Arnhem,ARN,03/10/2009,16
Arnhem,ARN,03/12/2009,9
Arnhem,ARN,04/01/2007,7
Arnhem,ARN,04/02/2007,7
Arnhem,ARN,04/04/2007,11
Arnhem,ARN,04/04/2009,10
Arnhem,ARN,04/05/2007,18
Arnhem,ARN,04/05/2008,15
Arnhem,ARN,04/05/2009,15
Arnhem,ARN,04/06/2007,19
Arnhem,ARN,04/06/2009,18.5
Arnhem,ARN,04/07/2007,19
Arnhem,ARN,04/07/2008,23
Arnhem,ARN,04/07/2009,23
Arnhem,ARN,04/08/2008,23
Arnhem,ARN,04/10/2007,16
Arnhem,ARN,04/10/2009,15
Arnhem,ARN,04/12/2008,6
Arnhem,ARN,05/01/2007,7
Arnhem,ARN,05/01/2009,2
Arnhem,ARN,05/02/2007,7
Arnhem,ARN,05/02/2008,5
Arnhem,ARN,05/03/2008,8
Arnhem,ARN,05/04/2007,11
Arnhem,ARN,05/05/2007,18
Arnhem,ARN,05/05/2009,15
Arnhem,ARN,05/07/2007,19
Arnhem,ARN,05/08/2007,21.5
Arnhem,ARN,05/08/2009,22
Arnhem,ARN,05/09/2007,18
Arnhem,ARN,05/09/2008,19
Arnhem,ARN,05/09/2009,18
Arnhem,ARN,05/10/2007,16
Arnhem,ARN,05/10/2008,13
Arnhem,ARN,05/11/2009,11
Arnhem,ARN,06/01/2007,7
Arnhem,ARN,06/01/2009,2
Arnhem,ARN,06/02/2009,3
Arnhem,ARN,06/04/2007,11.83333333
Arnhem,ARN,06/04/2008,10
Arnhem,ARN,06/04/2009,11
Arnhem,ARN,06/05/2007,18
Arnhem,ARN,06/05/2008,16
Arnhem,ARN,06/06/2007,20
Arnhem,ARN,06/06/2008,22
Arnhem,ARN,06/06/2009,17
Arnhem,ARN,06/07/2008,23
Arnhem,ARN,06/08/2007,22
Arnhem,ARN,06/09/2007,18
Arnhem,ARN,06/09/2009,18
Arnhem,ARN,06/10/2007,16
Arnhem,ARN,06/10/2008,13
Arnhem,ARN,06/11/2007,11
Arnhem,ARN,06/12/2008,6
Arnhem,ARN,07/01/2008,4
Arnhem,ARN,07/04/2008,10
Arnhem,ARN,07/05/2007,18
Arnhem,ARN,07/05/2008,16
Arnhem,ARN,07/06/2007,20
Arnhem,ARN,07/07/2007,18
Arnhem,ARN,07/07/2008,22
Arnhem,ARN,07/07/2009,23
Arnhem,ARN,07/08/2007,22
Arnhem,ARN,07/08/2008,23
Arnhem,ARN,07/08/2009,23
Arnhem,ARN,07/09/2009,18
Arnhem,ARN,07/10/2007,16
Arnhem,ARN,07/10/2009,15
Arnhem,ARN,07/12/2007,8
Arnhem,ARN,08/02/2007,6
Arnhem,ARN,08/02/2008,6
Arnhem,ARN,08/04/2007,12
Arnhem,ARN,08/04/2008,10
Arnhem,ARN,08/05/2007,17
Arnhem,ARN,08/05/2008,17
Arnhem,ARN,08/05/2009,15
Arnhem,ARN,08/06/2007,21
Arnhem,ARN,08/06/2008,22
Arnhem,ARN,08/06/2009,17
Arnhem,ARN,08/07/2007,18
Arnhem,ARN,08/07/2008,22
Arnhem,ARN,08/07/2009,22
Arnhem,ARN,08/08/2007,22
Arnhem,ARN,08/08/2009,23
Arnhem,ARN,08/10/2007,16
Arnhem,ARN,08/12/2008,6
Arnhem,ARN,09/01/2007,8
Arnhem,ARN,09/01/2008,5
Arnhem,ARN,09/02/2007,6
Arnhem,ARN,09/02/2008,6
Arnhem,ARN,09/04/2007,12
Arnhem,ARN,09/04/2008,10
Arnhem,ARN,09/04/2009,12
Arnhem,ARN,09/05/2008,17
Arnhem,ARN,09/05/2009,15
Arnhem,ARN,09/06/2008,21
Arnhem,ARN,09/06/2009,17
Arnhem,ARN,09/07/2007,19
Arnhem,ARN,09/08/2007,21
Arnhem,ARN,09/10/2007,16
Arnhem,ARN,09/10/2008,14
Arnhem,ARN,09/11/2007,10
Arnhem,ARN,09/11/2008,11
Arnhem,ARN,09/11/2009,10
Arnhem,ARN,10/01/2008,5
Arnhem,ARN,10/02/2007,6
Arnhem,ARN,10/02/2008,6
Arnhem,ARN,10/02/2009,4
Arnhem,ARN,10/04/2007,12
Arnhem,ARN,10/04/2009,13
Arnhem,ARN,10/05/2008,18
Arnhem,ARN,10/05/2009,16
Arnhem,ARN,10/06/2008,22
Arnhem,ARN,10/07/2007,19
Arnhem,ARN,10/07/2008,21
Arnhem,ARN,10/07/2009,21
Arnhem,ARN,10/08/2007,20
Arnhem,ARN,10/08/2008,22
Arnhem,ARN,10/09/2008,19
Arnhem,ARN,10/10/2007,16
Arnhem,ARN,10/11/2008,11
Arnhem,ARN,10/11/2009,10
Arnhem,ARN,11/01/2008,5
Arnhem,ARN,11/01/2009,1
Arnhem,ARN,11/02/2008,6
Arnhem,ARN,11/03/2007,9
Arnhem,ARN,11/04/2007,13
Arnhem,ARN,11/04/2009,13
Arnhem,ARN,11/05/2008,18
Arnhem,ARN,11/05/2009,16
Arnhem,ARN,11/06/2008,21
Arnhem,ARN,11/09/2007,17
Arnhem,ARN,11/09/2008,20
Arnhem,ARN,11/09/2009,19
Arnhem,ARN,11/10/2007,16
Arnhem,ARN,12/01/2009,1
Arnhem,ARN,12/02/2007,7
Arnhem,ARN,12/02/2008,6
Arnhem,ARN,12/03/2007,9
Arnhem,ARN,12/04/2007,13
Arnhem,ARN,12/04/2008,10
Arnhem,ARN,12/04/2009,14
Arnhem,ARN,12/05/2008,19
Arnhem,ARN,12/06/2007,22
Arnhem,ARN,12/06/2008,20
Arnhem,ARN,12/06/2009,18
Arnhem,ARN,12/07/2008,21
Arnhem,ARN,12/08/2009,22
Arnhem,ARN,12/09/2007,17
Arnhem,ARN,12/09/2008,20
Arnhem,ARN,12/09/2009,19
Arnhem,ARN,12/10/2009,15
Arnhem,ARN,12/11/2007,9
Arnhem,ARN,12/12/2009,8
Arnhem,ARN,13/02/2008,6
Arnhem,ARN,13/03/2008,8
Arnhem,ARN,13/04/2007,14
Arnhem,ARN,13/04/2008,10
Arnhem,ARN,13/05/2007,17
Arnhem,ARN,13/05/2009,16
Arnhem,ARN,13/06/2008,19
Arnhem,ARN,13/07/2007,19
Arnhem,ARN,13/07/2008,21
Arnhem,ARN,13/07/2009,20
Arnhem,ARN,13/08/2007,20
Arnhem,ARN,13/08/2008,21
Arnhem,ARN,13/09/2007,17
Arnhem,ARN,13/09/2008,20
Arnhem,ARN,13/12/2008,5
Arnhem,ARN,13/12/2009,8
Arnhem,ARN,14/02/2008,6
Arnhem,ARN,14/02/2009,4
Arnhem,ARN,14/03/2008,8
Arnhem,ARN,14/04/2007,15
Arnhem,ARN,14/04/2008,10
Arnhem,ARN,14/04/2009,14
Arnhem,ARN,14/05/2007,17
Arnhem,ARN,14/05/2008,19
Arnhem,ARN,14/05/2009,17
Arnhem,ARN,14/07/2007,19
Arnhem,ARN,14/07/2008,21
Arnhem,ARN,14/07/2009,21
Arnhem,ARN,14/08/2007,20
Arnhem,ARN,14/09/2007,17
Arnhem,ARN,14/09/2008,19
Arnhem,ARN,14/09/2009,18
Arnhem,ARN,14/10/2008,15
Arnhem,ARN,14/10/2009,14
Arnhem,ARN,14/11/2007,8
Arnhem,ARN,14/12/2007,7
Arnhem,ARN,14/12/2008,5
Arnhem,ARN,14/12/2009,7
Arnhem,ARN,15/01/2009,2
Arnhem,ARN,15/02/2008,6
Arnhem,ARN,15/02/2009,4
Arnhem,ARN,15/03/2007,10
Arnhem,ARN,15/04/2007,15
Arnhem,ARN,15/04/2009,14
Arnhem,ARN,15/05/2007,17
Arnhem,ARN,15/06/2007,22
Arnhem,ARN,15/07/2008,21
Arnhem,ARN,15/09/2007,17
Arnhem,ARN,15/09/2008,19
Arnhem,ARN,15/10/2009,13
Arnhem,ARN,15/12/2008,5
Arnhem,ARN,16/01/2008,6
Arnhem,ARN,16/02/2009,4
Arnhem,ARN,16/03/2007,10
Arnhem,ARN,16/03/2009,7
Arnhem,ARN,16/05/2007,17
Arnhem,ARN,16/06/2007,22
Arnhem,ARN,16/06/2008,19
Arnhem,ARN,16/06/2009,19
Arnhem,ARN,16/07/2009,22
Arnhem,ARN,16/08/2008,21
Arnhem,ARN,16/08/2009,22
Arnhem,ARN,16/10/2007,15
Arnhem,ARN,16/10/2008,15
Arnhem,ARN,16/10/2009,13
Arnhem,ARN,16/12/2007,6
Arnhem,ARN,16/12/2009,6
Arnhem,ARN,17/01/2008,6
Arnhem,ARN,17/03/2007,10
Arnhem,ARN,17/04/2008,10
Arnhem,ARN,17/05/2007,17
Arnhem,ARN,17/05/2008,19
Arnhem,ARN,17/06/2009,19
Arnhem,ARN,17/07/2007,21
Arnhem,ARN,17/07/2009,22
Arnhem,ARN,17/08/2009,22
Arnhem,ARN,17/09/2008,18
Arnhem,ARN,17/09/2009,17
Arnhem,ARN,17/10/2007,15
Arnhem,ARN,17/10/2009,12
Arnhem,ARN,17/11/2007,7
Arnhem,ARN,17/12/2009,5
Arnhem,ARN,18/01/2009,3
Arnhem,ARN,18/03/2007,10
Arnhem,ARN,18/04/2007,16
Arnhem,ARN,18/04/2008,10
Arnhem,ARN,18/05/2007,17
Arnhem,ARN,18/06/2009,20
Arnhem,ARN,18/07/2007,22
Arnhem,ARN,18/07/2009,22
Arnhem,ARN,18/08/2007,20
Arnhem,ARN,18/08/2009,22
Arnhem,ARN,18/09/2009,17
Arnhem,ARN,18/11/2007,7
Arnhem,ARN,18/12/2007,5
Arnhem,ARN,18/12/2009,5
Arnhem,ARN,19/01/2008,7
Arnhem,ARN,19/01/2009,3
Arnhem,ARN,19/04/2008,10
Arnhem,ARN,19/04/2009,14
Arnhem,ARN,19/05/2007,17
Arnhem,ARN,19/05/2008,18
Arnhem,ARN,19/06/2007,22
Arnhem,ARN,19/06/2009,20
Arnhem,ARN,19/07/2007,22
Arnhem,ARN,19/07/2009,21
Arnhem,ARN,19/08/2007,20
Arnhem,ARN,19/08/2008,21
Arnhem,ARN,19/08/2009,22
Arnhem,ARN,19/09/2007,17
Arnhem,ARN,19/09/2008,17
Arnhem,ARN,19/09/2009,17
Arnhem,ARN,19/10/2007,14
Arnhem,ARN,19/10/2008,14
Arnhem,ARN,19/12/2009,4
Arnhem,ARN,20/01/2007,9
Arnhem,ARN,20/01/2008,8
Arnhem,ARN,20/01/2009,3
Arnhem,ARN,20/03/2007,9
Arnhem,ARN,20/03/2008,8
Arnhem,ARN,20/03/2009,8
Arnhem,ARN,20/04/2009,14
Arnhem,ARN,20/05/2007,17
Arnhem,ARN,20/05/2008,18
Arnhem,ARN,20/05/2009,18
Arnhem,ARN,20/06/2007,23
Arnhem,ARN,20/07/2007,22
Arnhem,ARN,20/08/2007,20
Arnhem,ARN,20/08/2008,21
Arnhem,ARN,20/10/2009,11
Arnhem,ARN,20/11/2007,7
Arnhem,ARN,20/12/2009,3
Arnhem,ARN,21/01/2007,9
Arnhem,ARN,21/01/2008,8
Arnhem,ARN,21/03/2007,9
Arnhem,ARN,21/03/2008,8
Arnhem,ARN,21/03/2009,8
Arnhem,ARN,21/04/2008,11
Arnhem,ARN,21/05/2008,18
Arnhem,ARN,21/05/2009,18
Arnhem,ARN,21/06/2008,20
Arnhem,ARN,21/07/2007,22
Arnhem,ARN,21/07/2008,20
Arnhem,ARN,21/07/2009,21
Arnhem,ARN,21/08/2007,20
Arnhem,ARN,21/09/2009,18
Arnhem,ARN,21/10/2007,13
Arnhem,ARN,21/11/2007,7
Arnhem,ARN,21/11/2009,10
Arnhem,ARN,21/12/2007,4
Arnhem,ARN,21/12/2008,6
Arnhem,ARN,22/01/2008,8
Arnhem,ARN,22/02/2008,6
Arnhem,ARN,22/03/2009,8
Arnhem,ARN,22/04/2007,15
Arnhem,ARN,22/04/2008,11
Arnhem,ARN,22/05/2007,18
Arnhem,ARN,22/05/2008,18
Arnhem,ARN,22/05/2009,18
Arnhem,ARN,22/06/2007,22
Arnhem,ARN,22/06/2008,20
Arnhem,ARN,22/06/2009,19
Arnhem,ARN,22/07/2007,22
Arnhem,ARN,22/07/2008,19
Arnhem,ARN,22/07/2009,21
Arnhem,ARN,22/08/2007,20
Arnhem,ARN,22/09/2008,16
Arnhem,ARN,22/09/2009,18
Arnhem,ARN,22/10/2007,13
Arnhem,ARN,22/11/2008,9
Arnhem,ARN,22/12/2009,2
Arnhem,ARN,23/01/2007,8
Arnhem,ARN,23/02/2007,8
Arnhem,ARN,23/02/2009,5
Arnhem,ARN,23/03/2009,8
Arnhem,ARN,23/04/2007,16
Arnhem,ARN,23/04/2008,12
Arnhem,ARN,23/05/2007,19.66666667
Arnhem,ARN,23/05/2008,18
Arnhem,ARN,23/05/2009,18.85714286
Arnhem,ARN,23/06/2007,22
Arnhem,ARN,23/06/2009,19
Arnhem,ARN,23/07/2007,22
Arnhem,ARN,23/07/2009,21
Arnhem,ARN,23/08/2008,20
Arnhem,ARN,23/09/2007,17
Arnhem,ARN,23/09/2009,18
Arnhem,ARN,23/10/2007,12
Arnhem,ARN,23/10/2009,11
Arnhem,ARN,23/11/2008,8
Arnhem,ARN,24/02/2007,8
Arnhem,ARN,24/02/2009,5
Arnhem,ARN,24/03/2007,8
Arnhem,ARN,24/03/2008,7
Arnhem,ARN,24/04/2007,16
Arnhem,ARN,24/04/2008,12
Arnhem,ARN,24/05/2008,18
Arnhem,ARN,24/06/2008,21
Arnhem,ARN,24/06/2009,19.14285714
Arnhem,ARN,24/07/2007,21
Arnhem,ARN,24/07/2008,20
Arnhem,ARN,24/08/2007,19
Arnhem,ARN,24/08/2008,20
Arnhem,ARN,24/09/2009,18
Arnhem,ARN,24/10/2007,11
Arnhem,ARN,24/10/2008,13
Arnhem,ARN,24/10/2009,11
Arnhem,ARN,24/11/2007,7
Arnhem,ARN,24/11/2008,7
Arnhem,ARN,24/11/2009,10
Arnhem,ARN,25/01/2007,7
Arnhem,ARN,25/01/2008,7
Arnhem,ARN,25/01/2009,4
Arnhem,ARN,25/03/2007,8
Arnhem,ARN,25/04/2007,17
Arnhem,ARN,25/04/2009,15
Arnhem,ARN,25/05/2007,21
Arnhem,ARN,25/05/2009,20
Arnhem,ARN,25/06/2008,21
Arnhem,ARN,25/06/2009,20
Arnhem,ARN,25/07/2008,20
Arnhem,ARN,25/08/2008,20
Arnhem,ARN,25/09/2009,18
Arnhem,ARN,25/11/2007,7
Arnhem,ARN,25/11/2009,10
Arnhem,ARN,25/12/2009,3
Arnhem,ARN,26/01/2007,6
Arnhem,ARN,26/01/2008,7
Arnhem,ARN,26/02/2008,7
Arnhem,ARN,26/04/2007,18
Arnhem,ARN,26/04/2008,13
Arnhem,ARN,26/05/2008,18
Arnhem,ARN,26/05/2009,20
Arnhem,ARN,26/06/2007,20.8
Arnhem,ARN,26/06/2008,21
Arnhem,ARN,26/06/2009,21
Arnhem,ARN,26/07/2007,21
Arnhem,ARN,26/07/2008,21.33333333
Arnhem,ARN,26/08/2007,20
Arnhem,ARN,26/08/2008,20
Arnhem,ARN,26/08/2009,22
Arnhem,ARN,26/09/2007,17
Arnhem,ARN,26/09/2009,18
Arnhem,ARN,26/11/2007,7
Arnhem,ARN,26/11/2008,7
Arnhem,ARN,26/11/2009,10
Arnhem,ARN,26/12/2008,6
Arnhem,ARN,27/01/2008,7
Arnhem,ARN,27/03/2007,9
Arnhem,ARN,27/03/2008,6
Arnhem,ARN,27/04/2007,18
Arnhem,ARN,27/04/2008,13
Arnhem,ARN,27/04/2009,15
Arnhem,ARN,27/05/2008,18
Arnhem,ARN,27/05/2009,19
Arnhem,ARN,27/06/2009,21
Arnhem,ARN,27/07/2007,21
Arnhem,ARN,27/07/2008,22
Arnhem,ARN,27/07/2009,21
Arnhem,ARN,27/08/2007,20
Arnhem,ARN,27/08/2008,20
Arnhem,ARN,27/08/2009,22
Arnhem,ARN,27/09/2009,18
Arnhem,ARN,27/10/2009,12
Arnhem,ARN,27/11/2007,7
Arnhem,ARN,27/12/2008,5
Arnhem,ARN,28/02/2009,6
Arnhem,ARN,28/03/2007,9
Arnhem,ARN,28/04/2007,19
Arnhem,ARN,28/04/2008,13
Arnhem,ARN,28/04/2009,15
Arnhem,ARN,28/05/2008,19
Arnhem,ARN,28/05/2009,19
Arnhem,ARN,28/07/2007,21
Arnhem,ARN,28/07/2008,23
Arnhem,ARN,28/07/2009,21
Arnhem,ARN,28/08/2007,20
Arnhem,ARN,28/08/2008,20
Arnhem,ARN,28/08/2009,22
Arnhem,ARN,28/09/2007,16
Arnhem,ARN,28/09/2009,18
Arnhem,ARN,28/10/2007,11
Arnhem,ARN,28/10/2009,12
Arnhem,ARN,28/11/2007,7
Arnhem,ARN,28/12/2007,4
Arnhem,ARN,29/03/2008,7
Arnhem,ARN,29/04/2007,19
Arnhem,ARN,29/04/2008,13
Arnhem,ARN,29/04/2009,15
Arnhem,ARN,29/05/2007,20
Arnhem,ARN,29/05/2008,19
Arnhem,ARN,29/05/2009,19
Arnhem,ARN,29/06/2007,19
Arnhem,ARN,29/06/2009,22
Arnhem,ARN,29/07/2007,21
Arnhem,ARN,29/07/2008,23
Arnhem,ARN,29/07/2009,21
Arnhem,ARN,29/08/2008,20
Arnhem,ARN,29/08/2009,21
Arnhem,ARN,29/09/2007,16
Arnhem,ARN,29/10/2007,11
Arnhem,ARN,29/10/2008,12
Arnhem,ARN,29/10/2009,12
Arnhem,ARN,29/11/2008,7
Arnhem,ARN,29/12/2008,4
Arnhem,ARN,30/01/2007,6
Arnhem,ARN,30/01/2008,7
Arnhem,ARN,30/03/2007,10
Arnhem,ARN,30/04/2007,18
Arnhem,ARN,30/04/2008,13
Arnhem,ARN,30/04/2009,15
Arnhem,ARN,30/05/2007,19
Arnhem,ARN,30/05/2009,19
Arnhem,ARN,30/06/2008,22
Arnhem,ARN,30/06/2009,22
Arnhem,ARN,30/07/2007,20
Arnhem,ARN,30/07/2008,23
Arnhem,ARN,30/08/2008,20
Arnhem,ARN,30/10/2007,11
Arnhem,ARN,30/11/2008,7
Arnhem,ARN,31/01/2009,3
Arnhem,ARN,31/03/2007,10
Arnhem,ARN,31/03/2008,8
Arnhem,ARN,31/03/2009,8
Arnhem,ARN,31/05/2007,19
Arnhem,ARN,31/05/2008,20
Arnhem,ARN,31/05/2009,19
Arnhem,ARN,31/07/2008,24
Arnhem,ARN,31/07/2009,21
Arnhem,ARN,31/08/2009,20
Arnhem,ARN,31/10/2007,11
Arnhem,ARN,31/10/2008,11
Arnhem,ARN,31/12/2008,3
Arnhem,ARN,31/12/2009,4